task_id,candidate_zip_path,upload_submission_path,replacement_model_path,replacement_estimated_cost,best_6348_estimated_cost,cost_delta_6275_minus_best_6348,base_lane_replaced,overrides_lane_replaced,replacement_sha256,base_lane_old_sha256,overrides_lane_old_sha256,candidate_valid,failure_reason
task001,outputs\ablation_submissions\6348_56_ref6275_one_task_20260612\task001_6275Over6348BothLanes.zip,outputs\ablation_submissions\6348_56_ref6275_one_task_20260612\task001_6275Over6348BothLanes\submission.zip,outputs\reference_6275_flat\task001.onnx,150,150,0,True,True,80f114c73f22f7ad157c399acec303cc928f614e6e5dfb9967b3a921c1f641e2,0fa36f41592b9d78fb9dffa6f03ad41663311c7414ee3ee0ca9a0787ee7553aa,436fc09415d2727a19ab233f0a3dd1cef1631f37f0ea69e2d26a1980e1fbfd0a,True,
task018,outputs\ablation_submissions\6348_56_ref6275_one_task_20260612\task018_6275Over6348BothLanes.zip,outputs\ablation_submissions\6348_56_ref6275_one_task_20260612\task018_6275Over6348BothLanes\submission.zip,outputs\reference_6275_flat\task018.onnx,3245,3315,-70,True,True,ec828a39c746dcabfcd5ea69cdd4556348419cbe07fd6a16ec9edff4677bc4bd,c2e8e82b394406b4127ebd3b4e74460e0d34b69c8604a6ff6239f9a1608dd4f6,a81528a09b18abca286f69bfae09169f28ad1ecd59dd9833ff77e0fc52b5a27c,True,
task020,outputs\ablation_submissions\6348_56_ref6275_one_task_20260612\task020_6275Over6348BothLanes.zip,outputs\ablation_submissions\6348_56_ref6275_one_task_20260612\task020_6275Over6348BothLanes\submission.zip,outputs\reference_6275_flat\task020.onnx,786,788,-2,True,True,a84cc462e251b86ba793c289a60372b411667778aaaf99c0db962c656af266e0,4abb72f71f86d299893dcb1ee3be5937bc57ae169a6d1c33af77157df2be6f0d,ff0158c5996c0f640c91f47362507f778dfe619b14f4d49253762df5e0ca11ea,True,
task025,outputs\ablation_submissions\6348_56_ref6275_one_task_20260612\task025_6275Over6348BothLanes.zip,outputs\ablation_submissions\6348_56_ref6275_one_task_20260612\task025_6275Over6348BothLanes\submission.zip,outputs\reference_6275_flat\task025.onnx,447,468,-21,True,True,8af5c50b49f5d98f1afc1df69981e7ab0394291ee5227dd01d45f4380208bd61,7169ae516d8a1713e7374289de88cd61af87c43411175c42827a4e2ef09a117d,e5f9355a3727a45f58f4322d6e77e5f5a39bce6fd90671b07cd35381155883af,True,
task030,outputs\ablation_submissions\6348_56_ref6275_one_task_20260612\task030_6275Over6348BothLanes.zip,outputs\ablation_submissions\6348_56_ref6275_one_task_20260612\task030_6275Over6348BothLanes\submission.zip,outputs\reference_6275_flat\task030.onnx,924,1698,-774,True,True,43fd7e732de5f101746ecfc019fbfe0b26d905fa86bda27e5d84faafcc773733,76e48b2967fe619c83c5b215c89d8aee30008e2d7f263137f5af078b6135d592,f5bf6c26c62fe03caf6310d95bf297aa64b7cefab8ca50bd51fe0c2e30db3126,True,
task044,outputs\ablation_submissions\6348_56_ref6275_one_task_20260612\task044_6275Over6348BothLanes.zip,outputs\ablation_submissions\6348_56_ref6275_one_task_20260612\task044_6275Over6348BothLanes\submission.zip,outputs\reference_6275_flat\task044.onnx,567,1187,-620,True,True,b19be339fbf1f199fbb4cced914b1a0d49ca477dd8351c49e990fdf45c83869b,d7be538649eb0e8a61367a01fdbdf5446c5aa4d1cbb20ee5b0fd67c3b5abc7c9,fecc69910acdefd9b019c285476b6e578eb8c5fa412b2d4534c0c3dcce499cae,True,
task046,outputs\ablation_submissions\6348_56_ref6275_one_task_20260612\task046_6275Over6348BothLanes.zip,outputs\ablation_submissions\6348_56_ref6275_one_task_20260612\task046_6275Over6348BothLanes\submission.zip,outputs\reference_6275_flat\task046.onnx,2772,2772,0,True,True,776e40c71ae05f511e59e234f5f52931c7f966c95b139fed312451a249a5f138,902e4e1129d73fe4576d763127cc56d0574b72b02f96a7f8e1fe84e5f6e0eaf0,4f9e3d41f8a9c9918dd8660e6292e73578ec365523ff4b24c9e62843cc66ca88,True,
task048,outputs\ablation_submissions\6348_56_ref6275_one_task_20260612\task048_6275Over6348BothLanes.zip,outputs\ablation_submissions\6348_56_ref6275_one_task_20260612\task048_6275Over6348BothLanes\submission.zip,outputs\reference_6275_flat\task048.onnx,396,396,0,True,True,9423c02033058a1188fae998353c04f6fbf4e48361dbee5461896ddd5d49ac28,d4c7088b8aa6bf4b2b226ce0dacecda44faf247049312f97e6d3e0d87574fa0a,389d23348f42d86d0313b9db8b7dea5eaac5762896989f2da5698b53119075f7,True,
task051,outputs\ablation_submissions\6348_56_ref6275_one_task_20260612\task051_6275Over6348BothLanes.zip,outputs\ablation_submissions\6348_56_ref6275_one_task_20260612\task051_6275Over6348BothLanes\submission.zip,outputs\reference_6275_flat\task051.onnx,612,667,-55,True,True,b4e5ecaa156709adf438d5b25e6b077b7392df042f42a51ba7afbccc484d665b,86c7a1f4a9e1078f7176aac19c741859d1d72d5c8deeca5cd5fea73bfa951c7c,2e1bbba192d4d347403b0f1d38f10ecc105bad9133bea63c966cf00fb9193cce,True,
task054,outputs\ablation_submissions\6348_56_ref6275_one_task_20260612\task054_6275Over6348BothLanes.zip,outputs\ablation_submissions\6348_56_ref6275_one_task_20260612\task054_6275Over6348BothLanes\submission.zip,outputs\reference_6275_flat\task054.onnx,1061,1061,0,True,True,da0ea9c4a4e7de7d20e8867f669de546f57874c7e6fa83c850aad07683855ecc,a2e77f3a92ad3273e4de5710e47222a0da5f4948d3fcf9860f0675f88f35a8c6,44b12ffcdd7e16095d0d7db91c56fd31b00460f7fb87ed92fa5d53a493516117,True,
task071,outputs\ablation_submissions\6348_56_ref6275_one_task_20260612\task071_6275Over6348BothLanes.zip,outputs\ablation_submissions\6348_56_ref6275_one_task_20260612\task071_6275Over6348BothLanes\submission.zip,outputs\reference_6275_flat\task071.onnx,393,3722,-3329,True,True,a386547df7d1b3b8050fff7963329e27d8852517b7d7957c7c05a9b149a7a72e,2d696d39af281a3a0ca1582e413672e8ef38ef9f06d584f19844a45a6e2aa4a2,8602ccb995cf7837f679be327fc93d531b7c3372472817848fa152e403c20278,True,
task076,outputs\ablation_submissions\6348_56_ref6275_one_task_20260612\task076_6275Over6348BothLanes.zip,outputs\ablation_submissions\6348_56_ref6275_one_task_20260612\task076_6275Over6348BothLanes\submission.zip,outputs\reference_6275_flat\task076.onnx,1461,12122,-10661,True,True,419bbf22d94034edf9dc1d2eed86480945abad297d08dbdaaaaf87ef5d7e2ef5,b4407303acf9c1e5f20cfa3fd883aeb90b14ae0fb233d68ecbaf4620c0bc88fb,8eb9d40ec8716ac5aae8e73e16e980f259acdfe9eb41565679b0d411e71dd27e,True,
task077,outputs\ablation_submissions\6348_56_ref6275_one_task_20260612\task077_6275Over6348BothLanes.zip,outputs\ablation_submissions\6348_56_ref6275_one_task_20260612\task077_6275Over6348BothLanes\submission.zip,outputs\reference_6275_flat\task077.onnx,921,3569,-2648,True,True,375284c4a438c2fdc7a928ea689047963e768c2a24bc4014a33f1c2405f8352e,e9ba6003d604dc8eabe4c1293832b222739a2738c2838b1512ae380d87d398bb,5f9417526c477277340ca2f477b0e78a8a8e61cbb669ff0310160ba58264a4c0,True,
task094,outputs\ablation_submissions\6348_56_ref6275_one_task_20260612\task094_6275Over6348BothLanes.zip,outputs\ablation_submissions\6348_56_ref6275_one_task_20260612\task094_6275Over6348BothLanes\submission.zip,outputs\reference_6275_flat\task094.onnx,552,552,0,True,True,f3eb2edb6bee64618f0cafde76e4779933f68b0eb7766ac7ee48d1903aa76c38,1183a85e05f31b324f96f1ea2bc76659614d9e3e496af6fc026bf70716b2cee9,625a1dd96cef2df19baa077c10a90a35a3b8a87019f460ec9cc769880b369833,True,
task097,outputs\ablation_submissions\6348_56_ref6275_one_task_20260612\task097_6275Over6348BothLanes.zip,outputs\ablation_submissions\6348_56_ref6275_one_task_20260612\task097_6275Over6348BothLanes\submission.zip,outputs\reference_6275_flat\task097.onnx,27,626,-599,True,True,d3ac24b8f1ef82f43e7f57498baccf1d83880a6fe0266ba9484ac6eba27b8599,f0d0ab9a04954377879cace70b48610fc891b8e6d5d68ee0d372dd78fe3f2268,78b853bb39c75c2cc5296ad693660f0196294a32bcd502248f632f9b311b459e,True,
task101,outputs\ablation_submissions\6348_56_ref6275_one_task_20260612\task101_6275Over6348BothLanes.zip,outputs\ablation_submissions\6348_56_ref6275_one_task_20260612\task101_6275Over6348BothLanes\submission.zip,outputs\reference_6275_flat\task101.onnx,594,14360,-13766,True,True,edd7e165314a501462e02577d29022d3eb27078c4eb090009d5f19a5f0c2fbf1,5add58b8bc1d0b54e19ac2a7ba0dbc9eea3fd8d8e3f32405ad36b69f8c376d87,a52f97a2089c8d1d313cbe01c8172090bdf81fe42b2719106bdbf91558f91cd3,True,
task137,outputs\ablation_submissions\6348_56_ref6275_one_task_20260612\task137_6275Over6348BothLanes.zip,outputs\ablation_submissions\6348_56_ref6275_one_task_20260612\task137_6275Over6348BothLanes\submission.zip,outputs\reference_6275_flat\task137.onnx,248,2008,-1760,True,True,e2949632a6dcbf2d85e99913160d5788114fe740f599caf7373ab759540d202d,ef031cef24d9c3cbefd960f1b4194426dfaca31af36b0b1f7efef5d288784706,a99f6dff45e93a8bb0229f987ff1aaa58a58290f85d66b4497898e2b8b56aeca,True,
task157,outputs\ablation_submissions\6348_56_ref6275_one_task_20260612\task157_6275Over6348BothLanes.zip,outputs\ablation_submissions\6348_56_ref6275_one_task_20260612\task157_6275Over6348BothLanes\submission.zip,outputs\reference_6275_flat\task157.onnx,1887,3197,-1310,True,True,a4fb71244d2151ad5b9f27f7f1cd97316e4e5d9e3ddbeae6d17910f8f316fbfa,8de07e25cad3bdc5d73b8f953328c5e49784eb81e63eef116156e8d761d82fb5,de5bc7ee80c1e75480b1d1450b170c926aa76282d4bdb6a396bb6bf62fba743f,True,
task166,outputs\ablation_submissions\6348_56_ref6275_one_task_20260612\task166_6275Over6348BothLanes.zip,outputs\ablation_submissions\6348_56_ref6275_one_task_20260612\task166_6275Over6348BothLanes\submission.zip,outputs\reference_6275_flat\task166.onnx,267,267,0,True,True,635ac35cdaf739d7549ee8cd70b4042ae832ff18d2798a37fb1e315bb0990a02,bb71f3b3d956f668ce203feb385d0a702c31c6bd17cc17e213e3889db57d510e,872b2897f0efd037d1b74b84bab7cb8c7580ffad6e516e22aee33cdf6de9fcb3,True,
task169,outputs\ablation_submissions\6348_56_ref6275_one_task_20260612\task169_6275Over6348BothLanes.zip,outputs\ablation_submissions\6348_56_ref6275_one_task_20260612\task169_6275Over6348BothLanes\submission.zip,outputs\reference_6275_flat\task169.onnx,2133,2436,-303,True,True,8f1a1bcaa371d02dc91ac01a00326e44103b6342d849f00a509316c99f1643a0,5deeade9207e54562ae10adac28158f0049087357abb124dee01d6d54f76463d,93e8dcdfe9c0f0cb46e0bd7cf6edc9e7491ea0be5cd1ac1e7552e7ccb9c43a50,True,
task170,outputs\ablation_submissions\6348_56_ref6275_one_task_20260612\task170_6275Over6348BothLanes.zip,outputs\ablation_submissions\6348_56_ref6275_one_task_20260612\task170_6275Over6348BothLanes\submission.zip,outputs\reference_6275_flat\task170.onnx,1425,1440,-15,True,True,40c7d62d579c2d8926059eb3c557934286ca2ed2507772f25b157bc0a91d75ba,9f919ea1d3fae6c43dfb70c30fe5ce04e453a44324f39755cb00850f150578bb,33ca1cba9ec336db7462d1585adb3d13110e5d491253e5fa52c9293d0e4734a8,True,
task203,outputs\ablation_submissions\6348_56_ref6275_one_task_20260612\task203_6275Over6348BothLanes.zip,outputs\ablation_submissions\6348_56_ref6275_one_task_20260612\task203_6275Over6348BothLanes\submission.zip,outputs\reference_6275_flat\task203.onnx,484,3544,-3060,True,True,c9415b45362e71abd0f9621c7d36efe0934aca29fcc3dc6dc12032110cf502e3,934167d7108d311321e5ae31de256c5ed18dd19290cc3cea7456337d8f1a1d04,1d3d4435105625f94a77a73c38a13f9cf6c80b0b59f5669fdb76964111c370cf,True,
task208,outputs\ablation_submissions\6348_56_ref6275_one_task_20260612\task208_6275Over6348BothLanes.zip,outputs\ablation_submissions\6348_56_ref6275_one_task_20260612\task208_6275Over6348BothLanes\submission.zip,outputs\reference_6275_flat\task208.onnx,1806,1806,0,True,True,d0d8ece63c8bc8fcbf0d3aaffe8e19beeb3631e34ae885a0bc47d879dd094d1d,5d341124008dfd310bc5a123793ff6f9beaeead1fd98692f86f798a8f1e3f4a1,5a94eef2db33af8b8228449bf8a6aafc377a718d4348b66852b0f482b7ba2cb0,True,
task216,outputs\ablation_submissions\6348_56_ref6275_one_task_20260612\task216_6275Over6348BothLanes.zip,outputs\ablation_submissions\6348_56_ref6275_one_task_20260612\task216_6275Over6348BothLanes\submission.zip,outputs\reference_6275_flat\task216.onnx,888,888,0,True,True,47538c17f1e6ed157ba6d4effe2cbfc8d098af219d3896cbb6d92e0989333de8,8fd3706d25161ac61f40c1adb00c1cdd8f4803d8b4229bc361b0bc2d6efe0000,fb046fa2b22b3402f1eeb8dd5e411ea14272544a5e42d214d6d37168f0718bec,True,
task219,outputs\ablation_submissions\6348_56_ref6275_one_task_20260612\task219_6275Over6348BothLanes.zip,outputs\ablation_submissions\6348_56_ref6275_one_task_20260612\task219_6275Over6348BothLanes\submission.zip,outputs\reference_6275_flat\task219.onnx,745,1628,-883,True,True,5e8a8092eeb5b9a68eaa90b9aaea48eee4dfcab6c84225502a6a6871b7177e19,f042340d7b269af4b35437a41d3094074b91fd8778477f3b3fcd20966a535f12,0dd1602c99c9b762184d2010f525ea3fda037f05c54b79019cf5562dc33da508,True,
task233,outputs\ablation_submissions\6348_56_ref6275_one_task_20260612\task233_6275Over6348BothLanes.zip,outputs\ablation_submissions\6348_56_ref6275_one_task_20260612\task233_6275Over6348BothLanes\submission.zip,outputs\reference_6275_flat\task233.onnx,6131,6293,-162,True,True,afbcd66d69dfa94037612822b360f74ba63a7fd43d6bd1cec5a17d033403218c,4c05808a5e552eff2938636281021bf6bde76fd3873c539c95efd098da5d767a,a5ee427214ac68b60798c8f39be5cd4d2e69c177aad74b5c3942a3fb7bd3b76b,True,
task236,outputs\ablation_submissions\6348_56_ref6275_one_task_20260612\task236_6275Over6348BothLanes.zip,outputs\ablation_submissions\6348_56_ref6275_one_task_20260612\task236_6275Over6348BothLanes\submission.zip,outputs\reference_6275_flat\task236.onnx,0,3,-3,True,True,2e59dc4336de1e1fb4014ca0b81f2777c0a9fd808fbee3c5d54770d6ade5bbfe,7f166f01eb2cf5e98be10a109467f99606fa9e5b533bf2bf8f34a298dad06666,d0036304951bbcf12c15840c735ab53ab6d81ba6d58efdcaf156ea5e582fdca3,True,
task239,outputs\ablation_submissions\6348_56_ref6275_one_task_20260612\task239_6275Over6348BothLanes.zip,outputs\ablation_submissions\6348_56_ref6275_one_task_20260612\task239_6275Over6348BothLanes\submission.zip,outputs\reference_6275_flat\task239.onnx,1284,1284,0,True,True,1bb32963e7cb07aed708c1c9c2e30991506b48570898ddade7fec2515559fc95,2abd421624d88b12e8a63904b214d06678543cf0231b040cc10fec704aac503f,452f8fcd557a1b2ce46445f44ec3cfdcee30815c768cb68a6daaf70d43f675d2,True,
task250,outputs\ablation_submissions\6348_56_ref6275_one_task_20260612\task250_6275Over6348BothLanes.zip,outputs\ablation_submissions\6348_56_ref6275_one_task_20260612\task250_6275Over6348BothLanes\submission.zip,outputs\reference_6275_flat\task250.onnx,371,371,0,True,True,7ab516acebfe69fb1fe5650af6ebf52c510a8c63dadb9e80a92130ccb410f9a0,db7b6112f672f2a70588e91f451c893bc7b1ecec188c8c984be8cff297851bfb,8855890bb43f646f243dd994339add8460c46694a1b4e05f49ac8c11ea98025c,True,
task260,outputs\ablation_submissions\6348_56_ref6275_one_task_20260612\task260_6275Over6348BothLanes.zip,outputs\ablation_submissions\6348_56_ref6275_one_task_20260612\task260_6275Over6348BothLanes\submission.zip,outputs\reference_6275_flat\task260.onnx,525,525,0,True,True,35736c57d98142f122c43cb025104944bce52b1265e108c470480131c8178f7d,21c776e8235ed69d82386e0937fe02a8389a6b09a67bf7b25cd35601008d0ac1,d5948dfc0b9b680602ea7cdc40e22519e3f27472cfb700bb2d03237c2628eee9,True,
task281,outputs\ablation_submissions\6348_56_ref6275_one_task_20260612\task281_6275Over6348BothLanes.zip,outputs\ablation_submissions\6348_56_ref6275_one_task_20260612\task281_6275Over6348BothLanes\submission.zip,outputs\reference_6275_flat\task281.onnx,2499,2499,0,True,True,082339765f10db32abbb7ac3454eafdfdb6b0be3a82ec60d9e69c2facad4423f,ca2a1537dd3fbe42f2138c372b482af55ba9bacf05230c700a13f8ac7caf45df,1027aa80a670a89c30164b346d8a52959037960ead7c40e80a300075c43a904e,True,
task285,outputs\ablation_submissions\6348_56_ref6275_one_task_20260612\task285_6275Over6348BothLanes.zip,outputs\ablation_submissions\6348_56_ref6275_one_task_20260612\task285_6275Over6348BothLanes\submission.zip,outputs\reference_6275_flat\task285.onnx,5662,14882,-9220,True,True,e83439a383382aba557b2c3691ecd4134d2bf8c4e9b78f5b076b2eb9f3c78010,21bca96dfe13a8adec72ee5d3f8a8291a2745e31b1b580c541f4574622e8ea6c,835462fe95cbd2df1fd65bda9deceddbccd609cdca5e0308b6fe1f66e8163431,True,
task314,outputs\ablation_submissions\6348_56_ref6275_one_task_20260612\task314_6275Over6348BothLanes.zip,outputs\ablation_submissions\6348_56_ref6275_one_task_20260612\task314_6275Over6348BothLanes\submission.zip,outputs\reference_6275_flat\task314.onnx,1536,1558,-22,True,True,6de48aa8380bfa9f60145881280cb81f0649f178f1a74456c5c40334004417b4,c5e30ef3e59d2973ed66b4202d3784913f7d6936ce28ce71437eb9d398cfc298,dfd4d1c1774b4c367fe66245f2a2d2264c1c1c525a9da8faf9f96626e01d3a8a,True,
task318,outputs\ablation_submissions\6348_56_ref6275_one_task_20260612\task318_6275Over6348BothLanes.zip,outputs\ablation_submissions\6348_56_ref6275_one_task_20260612\task318_6275Over6348BothLanes\submission.zip,outputs\reference_6275_flat\task318.onnx,0,3,-3,True,True,01e41dcca08ca7c9bf4611eeaa13b8a96acc912291ce485fab569cc9819787cb,8a6d9a5329cb6796da0fa92ad568b2b6d4486946f9e8ba759321818a4ca8144c,9b7fa65ba816b2ed29cb5ad8837f99771f1625311f32286ab70c9ef94083e428,True,
task322,outputs\ablation_submissions\6348_56_ref6275_one_task_20260612\task322_6275Over6348BothLanes.zip,outputs\ablation_submissions\6348_56_ref6275_one_task_20260612\task322_6275Over6348BothLanes\submission.zip,outputs\reference_6275_flat\task322.onnx,0,185,-185,True,True,0027f18a5feebb51f7cf1149c2cb9c9b8ad2d16b656b61189674cab55adad380,76d48cfa34d45cce83c65250f3ce4b0e19d13bf413c8518d3c002973eb0dacb5,ab4dac6e0fa488f95258ad434a0a5a81121d1494736932a83cf2fb836ed0c2ee,True,
task328,outputs\ablation_submissions\6348_56_ref6275_one_task_20260612\task328_6275Over6348BothLanes.zip,outputs\ablation_submissions\6348_56_ref6275_one_task_20260612\task328_6275Over6348BothLanes\submission.zip,outputs\reference_6275_flat\task328.onnx,2532,9012,-6480,True,True,23de6b8cd14e063823c82a96e8174490f3e0906e01523668c5c1dc12428bd825,5e577adeb141a5a522c273f891701d12837320df953707180471e62c0f45f621,e185b61b47d11ae211efef038c04bfe88dce0c163476dc6b8068c6c879d333b1,True,
task332,outputs\ablation_submissions\6348_56_ref6275_one_task_20260612\task332_6275Over6348BothLanes.zip,outputs\ablation_submissions\6348_56_ref6275_one_task_20260612\task332_6275Over6348BothLanes\submission.zip,outputs\reference_6275_flat\task332.onnx,527,905,-378,True,True,63b49e57ff675a0a3788e7ad9570a45362b22f661312af29f635f2fa04334716,48cd1db44af7add465a5ff82c5375d6f8cd8e9eb6d035f67f802fb51d24c5fdf,becdaad301d7922e8b044db657cbaff61f7d067046a3124224ac953b7ef5ac4b,True,
task341,outputs\ablation_submissions\6348_56_ref6275_one_task_20260612\task341_6275Over6348BothLanes.zip,outputs\ablation_submissions\6348_56_ref6275_one_task_20260612\task341_6275Over6348BothLanes\submission.zip,outputs\reference_6275_flat\task341.onnx,2523,2523,0,True,True,564fae20dee0f5a54330c3170bfad5824556165d5a206e82a19c9264faaaaf05,c71ffbf3d469ff1f5ff08e06e8a0e63931c352df9bedb0eab43b2adbea21010c,8cbc6d2c78976072bac2b4c9f8403cabaf4a703f348af2e6f8bce0fbc636be97,True,
task347,outputs\ablation_submissions\6348_56_ref6275_one_task_20260612\task347_6275Over6348BothLanes.zip,outputs\ablation_submissions\6348_56_ref6275_one_task_20260612\task347_6275Over6348BothLanes\submission.zip,outputs\reference_6275_flat\task347.onnx,0,235,-235,True,True,cd9bbaa7d5e469c745248f82d99d56531ab5b5490a34b935257d0d61fd7e1d09,fed395462b49017236bd7c8efec1bf01bac6ab9d8aaab79388c4befd346d40cc,e163b8988d980c1bb7389bf5825ce0c73950d6e669185156caa25dbfee417e3b,True,
task359,outputs\ablation_submissions\6348_56_ref6275_one_task_20260612\task359_6275Over6348BothLanes.zip,outputs\ablation_submissions\6348_56_ref6275_one_task_20260612\task359_6275Over6348BothLanes\submission.zip,outputs\reference_6275_flat\task359.onnx,117,117,0,True,True,1c4683356c52e5f1ca1b725734fdf8932a57c9fe9c74559da7a2378c9f86293c,5402e526d36f56006e6fe3438c6875e02057cade74e68784d892dc9c4510bdb1,a7bcb86bd2c4b1c54e2258736c59a167efef7c9b096f5a6a44ceef7b096f4b49,True,
task360,outputs\ablation_submissions\6348_56_ref6275_one_task_20260612\task360_6275Over6348BothLanes.zip,outputs\ablation_submissions\6348_56_ref6275_one_task_20260612\task360_6275Over6348BothLanes\submission.zip,outputs\reference_6275_flat\task360.onnx,228,228,0,True,True,8216475b8f3063764bb86d838de60dc9c23365d30e0e69a100fed2dbd1259833,cbf7727157a80c28ac6fcc451f84b9049d33032b1ef3a0e2d1f894ae885bcc5d,f8c32559c11561f425f68fba8838cd9070dd1cad9ad2383318eb04b20eeba84c,True,
task363,outputs\ablation_submissions\6348_56_ref6275_one_task_20260612\task363_6275Over6348BothLanes.zip,outputs\ablation_submissions\6348_56_ref6275_one_task_20260612\task363_6275Over6348BothLanes\submission.zip,outputs\reference_6275_flat\task363.onnx,1014,4966,-3952,True,True,8a3cfb5d37774abac99d835a86a8babd5b0b5b962b572c370ff9b245ade595a2,b8bb005f95baf0f7f1187a369a57d564e14b956a7cd8fefaad5c607a51213fb3,d236a98e2288af395d6765e8d0ceb53da8b8688885a0c58ee463ccd62a21968c,True,
task367,outputs\ablation_submissions\6348_56_ref6275_one_task_20260612\task367_6275Over6348BothLanes.zip,outputs\ablation_submissions\6348_56_ref6275_one_task_20260612\task367_6275Over6348BothLanes\submission.zip,outputs\reference_6275_flat\task367.onnx,717,722,-5,True,True,9bcbc96965d6d1422d31fb965e5ef18e3b5b71c18df09ea24877f6dab1181433,ea3969fd6929edb7b1ccabe3db2c9f2ffc4b995aae190c1726b93016b6ce2f02,257973ea2ea3bb24fa53af0e3dccea96770e4e53615c249ecf512f1221f1653f,True,
task368,outputs\ablation_submissions\6348_56_ref6275_one_task_20260612\task368_6275Over6348BothLanes.zip,outputs\ablation_submissions\6348_56_ref6275_one_task_20260612\task368_6275Over6348BothLanes\submission.zip,outputs\reference_6275_flat\task368.onnx,429,511,-82,True,True,fb13ef89494b35d91e797f4295a7a89ef8111ed8b5d8f62974f2ce5be08e16a8,adfad0a22cf1d32c9ccbab87c6233078e6282ef114061e9a8d631c80d4ea836a,8bb9077afed7386884c92b4638b4e7dd8f36d7130a78597514632fba99302f20,True,
task370,outputs\ablation_submissions\6348_56_ref6275_one_task_20260612\task370_6275Over6348BothLanes.zip,outputs\ablation_submissions\6348_56_ref6275_one_task_20260612\task370_6275Over6348BothLanes\submission.zip,outputs\reference_6275_flat\task370.onnx,813,5221,-4408,True,True,15b5e8b9e31b954497503f43e57b54cae68434c7037406c015051ad4c4a55a61,b4d467fbad3f58374b6befbee260b33db91eeab7315a61842d6c56e5021f8ff8,60c4513cfdf0bf37ef0703c2cb4dcdcb792e164c15c23d395578693e4d087f07,True,
task372,outputs\ablation_submissions\6348_56_ref6275_one_task_20260612\task372_6275Over6348BothLanes.zip,outputs\ablation_submissions\6348_56_ref6275_one_task_20260612\task372_6275Over6348BothLanes\submission.zip,outputs\reference_6275_flat\task372.onnx,108,111,-3,True,True,612684b2e2b88419b0dffb9061ba10832910a5dcbc1dedfb2dc7aba90a0290f7,8287976a56507f8fa1adddb31b7db71a31afc8b1966ef19d1d7f2775c85f696c,27e721ae59de6b75ddc0b3df766aa6cfe28eb6ab44b20ec79bd892b61be54060,True,
task373,outputs\ablation_submissions\6348_56_ref6275_one_task_20260612\task373_6275Over6348BothLanes.zip,outputs\ablation_submissions\6348_56_ref6275_one_task_20260612\task373_6275Over6348BothLanes\submission.zip,outputs\reference_6275_flat\task373.onnx,36,197,-161,True,True,febd0e663c6704afa5d637e656bb7decaf87e1523de97cd6fac5a3db41f7c234,e3ca2087cc04caad3b005d7dfc630796288768c44b0d1bc85e85f3494ba1be24,ea87e51bdef074bd7cdc927fbc57a197dcf4a0aeb6dde49f6bd8f3d485a4d63c,True,
task377,outputs\ablation_submissions\6348_56_ref6275_one_task_20260612\task377_6275Over6348BothLanes.zip,outputs\ablation_submissions\6348_56_ref6275_one_task_20260612\task377_6275Over6348BothLanes\submission.zip,outputs\reference_6275_flat\task377.onnx,452,4672,-4220,True,True,9b52b78bd3e2bfa2d9837ed1edc28b7aea7bbfa859063f82428bbf9c175dfa43,9634d0c4c5f2d3616c292399129487757b13a675d7e4d66ee409a56adffdec77,9ddbf1451c0220cea85b34766aa4d8a02b190a251b7f2bae338413247b81d9c7,True,
task381,outputs\ablation_submissions\6348_56_ref6275_one_task_20260612\task381_6275Over6348BothLanes.zip,outputs\ablation_submissions\6348_56_ref6275_one_task_20260612\task381_6275Over6348BothLanes\submission.zip,outputs\reference_6275_flat\task381.onnx,400,544,-144,True,True,ebf1e59013474b1e1ee3486919874587e800e3df415c612b856b0e8861dbca9a,b8fc48156a5e19d7ae27af2ed7d6954afdb5a598125bad096a3b6d726219de3e,202861123c9de4d8a779de170d7b0145eaca16c1504566119a9dc972f4811e6b,True,
task383,outputs\ablation_submissions\6348_56_ref6275_one_task_20260612\task383_6275Over6348BothLanes.zip,outputs\ablation_submissions\6348_56_ref6275_one_task_20260612\task383_6275Over6348BothLanes\submission.zip,outputs\reference_6275_flat\task383.onnx,105,2829,-2724,True,True,bbc98988ec528e0858ee04e0ac68e45da2f73e8d7db4106ebd2dafb9e841e5ac,19da36427e6ee74fe0cf46bc86c98b873576bc8e0c1302e4d8b61c04ded4f8d8,4abb7b069873c6420ad92c6ef5615c142ac246986dccc773f69399765d4fd23e,True,
task386,outputs\ablation_submissions\6348_56_ref6275_one_task_20260612\task386_6275Over6348BothLanes.zip,outputs\ablation_submissions\6348_56_ref6275_one_task_20260612\task386_6275Over6348BothLanes\submission.zip,outputs\reference_6275_flat\task386.onnx,0,235,-235,True,True,a56ac34e03f43469aad4355bacc75df2f6722e5fbed6a38e6dccb1522efc1fec,de138b32b21fe35facfd4995972863055b13d2b794c18dced2522843483f024a,8633325d394a35cbf84f38deea978fe368da0d6633918999efd4905365a891c1,True,
task392,outputs\ablation_submissions\6348_56_ref6275_one_task_20260612\task392_6275Over6348BothLanes.zip,outputs\ablation_submissions\6348_56_ref6275_one_task_20260612\task392_6275Over6348BothLanes\submission.zip,outputs\reference_6275_flat\task392.onnx,7389,7488,-99,True,True,a1b6f293dd9143a38e3214f644aef3e1f1792e03f13d48612156a4e4f8274c9c,99e5d4969210371d7e389a389415ca7c8ecd3939643f90f1b27a3743a9056874,c3a83b2682abf163c9077d1a469292473c73271d0d6ab8bb626d7958b06891db,True,
task393,outputs\ablation_submissions\6348_56_ref6275_one_task_20260612\task393_6275Over6348BothLanes.zip,outputs\ablation_submissions\6348_56_ref6275_one_task_20260612\task393_6275Over6348BothLanes\submission.zip,outputs\reference_6275_flat\task393.onnx,63,63,0,True,True,ca611d444767651339521e15512433dff1dccbf80f21572d62cfc02d5924cb48,2f236f0f741468312b3933de81bd4f1f7d36a96e624a1545d1986160d95c466a,b4ee2e6c4a3e0eff12d59cd5fa384331a0c57d540415f6e1016963d452baf336,True,
