task_id,source_model_path,output_model_path,source_cost,output_cost,cost_delta,source_file_size_bytes,output_file_size_bytes,file_size_delta,removed_nodes,removed_inits,failure_reason
task001,outputs\current_6352_53_stack\overrides\task001.onnx,outputs\candidates\current_6352_53_zero_add_removed\task001_ZeroAddRemoved.onnx,150,150,0,1172,1172,0,0,0,no zero-add patterns found
task002,outputs\current_6352_53_stack\overrides\task002.onnx,outputs\candidates\current_6352_53_zero_add_removed\task002_ZeroAddRemoved.onnx,765,765,0,14560,14560,0,0,0,no zero-add patterns found
task003,outputs\current_6352_53_stack\overrides\task003.onnx,outputs\candidates\current_6352_53_zero_add_removed\task003_ZeroAddRemoved.onnx,138,138,0,5000,5000,0,0,0,no zero-add patterns found
task004,outputs\current_6352_53_stack\overrides\task004.onnx,outputs\candidates\current_6352_53_zero_add_removed\task004_ZeroAddRemoved.onnx,3060,3060,0,2522,2522,0,0,0,no zero-add patterns found
task005,outputs\current_6352_53_stack\overrides\task005.onnx,outputs\candidates\current_6352_53_zero_add_removed\task005_ZeroAddRemoved.onnx,16829,16829,0,79027,78179,-848,29,0,
task006,outputs\current_6352_53_stack\overrides\task006.onnx,outputs\candidates\current_6352_53_zero_add_removed\task006_ZeroAddRemoved.onnx,235,235,0,1133,1133,0,0,0,no zero-add patterns found
task007,outputs\current_6352_53_stack\overrides\task007.onnx,outputs\candidates\current_6352_53_zero_add_removed\task007_ZeroAddRemoved.onnx,267,267,0,1258,1258,0,0,0,no zero-add patterns found
task008,outputs\current_6352_53_stack\overrides\task008.onnx,outputs\candidates\current_6352_53_zero_add_removed\task008_ZeroAddRemoved.onnx,377,377,0,7647,7647,0,0,0,no zero-add patterns found
task009,outputs\current_6352_53_stack\overrides\task009.onnx,outputs\candidates\current_6352_53_zero_add_removed\task009_ZeroAddRemoved.onnx,250,250,0,1879,1879,0,0,0,no zero-add patterns found
task010,outputs\current_6352_53_stack\overrides\task010.onnx,outputs\candidates\current_6352_53_zero_add_removed\task010_ZeroAddRemoved.onnx,432,432,0,6176,6176,0,0,0,no zero-add patterns found
task011,outputs\current_6352_53_stack\overrides\task011.onnx,outputs\candidates\current_6352_53_zero_add_removed\task011_ZeroAddRemoved.onnx,7065,7065,0,8259,8259,0,0,0,no zero-add patterns found
task012,outputs\current_6352_53_stack\overrides\task012.onnx,outputs\candidates\current_6352_53_zero_add_removed\task012_ZeroAddRemoved.onnx,596,596,0,1906,1906,0,0,0,no zero-add patterns found
task013,outputs\current_6352_53_stack\overrides\task013.onnx,outputs\candidates\current_6352_53_zero_add_removed\task013_ZeroAddRemoved.onnx,3389,3389,0,5825,5769,-56,2,0,
task014,outputs\current_6352_53_stack\overrides\task014.onnx,outputs\candidates\current_6352_53_zero_add_removed\task014_ZeroAddRemoved.onnx,3375,3375,0,5317,5317,0,0,0,no zero-add patterns found
task015,outputs\current_6352_53_stack\overrides\task015.onnx,outputs\candidates\current_6352_53_zero_add_removed\task015_ZeroAddRemoved.onnx,4500,4500,0,3774,3774,0,0,0,no zero-add patterns found
task016,outputs\current_6352_53_stack\overrides\task016.onnx,outputs\candidates\current_6352_53_zero_add_removed\task016_ZeroAddRemoved.onnx,90,90,0,158,158,0,0,0,no zero-add patterns found
task017,outputs\current_6352_53_stack\overrides\task017.onnx,outputs\candidates\current_6352_53_zero_add_removed\task017_ZeroAddRemoved.onnx,1523,1523,0,5539,5539,0,0,0,no zero-add patterns found
task018,outputs\current_6352_53_stack\overrides\task018.onnx,outputs\candidates\current_6352_53_zero_add_removed\task018_ZeroAddRemoved.onnx,15008,15008,0,58591,58479,-112,4,0,
task019,outputs\current_6352_53_stack\overrides\task019.onnx,outputs\candidates\current_6352_53_zero_add_removed\task019_ZeroAddRemoved.onnx,446,446,0,2441,2441,0,0,0,no zero-add patterns found
task020,outputs\current_6352_53_stack\overrides\task020.onnx,outputs\candidates\current_6352_53_zero_add_removed\task020_ZeroAddRemoved.onnx,788,788,0,14531,14531,0,0,0,no zero-add patterns found
task021,outputs\current_6352_53_stack\overrides\task021.onnx,outputs\candidates\current_6352_53_zero_add_removed\task021_ZeroAddRemoved.onnx,725,725,0,2678,2678,0,0,0,no zero-add patterns found
task022,outputs\current_6352_53_stack\overrides\task022.onnx,outputs\candidates\current_6352_53_zero_add_removed\task022_ZeroAddRemoved.onnx,1044,1044,0,2028,2028,0,0,0,no zero-add patterns found
task023,outputs\current_6352_53_stack\overrides\task023.onnx,outputs\candidates\current_6352_53_zero_add_removed\task023_ZeroAddRemoved.onnx,303,303,0,27770,27770,0,0,0,no zero-add patterns found
task024,outputs\current_6352_53_stack\overrides\task024.onnx,outputs\candidates\current_6352_53_zero_add_removed\task024_ZeroAddRemoved.onnx,765,765,0,3233,3233,0,0,0,no zero-add patterns found
task025,outputs\current_6352_53_stack\overrides\task025.onnx,outputs\candidates\current_6352_53_zero_add_removed\task025_ZeroAddRemoved.onnx,468,468,0,4914,4914,0,0,0,no zero-add patterns found
task026,outputs\current_6352_53_stack\overrides\task026.onnx,outputs\candidates\current_6352_53_zero_add_removed\task026_ZeroAddRemoved.onnx,210,210,0,1309,1309,0,0,0,no zero-add patterns found
task027,outputs\current_6352_53_stack\overrides\task027.onnx,outputs\candidates\current_6352_53_zero_add_removed\task027_ZeroAddRemoved.onnx,329,329,0,2073,2073,0,0,0,no zero-add patterns found
task028,outputs\current_6352_53_stack\overrides\task028.onnx,outputs\candidates\current_6352_53_zero_add_removed\task028_ZeroAddRemoved.onnx,857,857,0,2079,2079,0,0,0,no zero-add patterns found
task029,outputs\current_6352_53_stack\overrides\task029.onnx,outputs\candidates\current_6352_53_zero_add_removed\task029_ZeroAddRemoved.onnx,978,978,0,13589,13589,0,0,0,no zero-add patterns found
task030,outputs\current_6352_53_stack\overrides\task030.onnx,outputs\candidates\current_6352_53_zero_add_removed\task030_ZeroAddRemoved.onnx,1698,1698,0,3134,3134,0,0,0,no zero-add patterns found
task031,outputs\current_6352_53_stack\overrides\task031.onnx,outputs\candidates\current_6352_53_zero_add_removed\task031_ZeroAddRemoved.onnx,470,470,0,3417,3417,0,0,0,no zero-add patterns found
task032,outputs\current_6352_53_stack\overrides\task032.onnx,outputs\candidates\current_6352_53_zero_add_removed\task032_ZeroAddRemoved.onnx,409,409,0,2347,2347,0,0,0,no zero-add patterns found
task033,outputs\current_6352_53_stack\overrides\task033.onnx,outputs\candidates\current_6352_53_zero_add_removed\task033_ZeroAddRemoved.onnx,369,369,0,1510,1510,0,0,0,no zero-add patterns found
task034,outputs\current_6352_53_stack\overrides\task034.onnx,outputs\candidates\current_6352_53_zero_add_removed\task034_ZeroAddRemoved.onnx,353,353,0,4303,4197,-106,4,0,
task035,outputs\current_6352_53_stack\overrides\task035.onnx,outputs\candidates\current_6352_53_zero_add_removed\task035_ZeroAddRemoved.onnx,455,455,0,3707,3707,0,0,0,no zero-add patterns found
task036,outputs\current_6352_53_stack\overrides\task036.onnx,outputs\candidates\current_6352_53_zero_add_removed\task036_ZeroAddRemoved.onnx,867,867,0,3950,3950,0,0,0,no zero-add patterns found
task037,outputs\current_6352_53_stack\overrides\task037.onnx,outputs\candidates\current_6352_53_zero_add_removed\task037_ZeroAddRemoved.onnx,25086,25086,0,19527,19527,0,0,0,no zero-add patterns found
task038,outputs\current_6352_53_stack\overrides\task038.onnx,outputs\candidates\current_6352_53_zero_add_removed\task038_ZeroAddRemoved.onnx,298,298,0,2559,2559,0,0,0,no zero-add patterns found
task039,outputs\current_6352_53_stack\overrides\task039.onnx,outputs\candidates\current_6352_53_zero_add_removed\task039_ZeroAddRemoved.onnx,248,248,0,1913,1913,0,0,0,no zero-add patterns found
task040,outputs\current_6352_53_stack\overrides\task040.onnx,outputs\candidates\current_6352_53_zero_add_removed\task040_ZeroAddRemoved.onnx,370,370,0,4167,4167,0,0,0,no zero-add patterns found
task041,outputs\current_6352_53_stack\overrides\task041.onnx,outputs\candidates\current_6352_53_zero_add_removed\task041_ZeroAddRemoved.onnx,187,187,0,2110,2110,0,0,0,no zero-add patterns found
task042,outputs\current_6352_53_stack\overrides\task042.onnx,outputs\candidates\current_6352_53_zero_add_removed\task042_ZeroAddRemoved.onnx,2448,2448,0,6490,6490,0,0,0,no zero-add patterns found
task043,outputs\current_6352_53_stack\overrides\task043.onnx,outputs\candidates\current_6352_53_zero_add_removed\task043_ZeroAddRemoved.onnx,772,772,0,2224,2224,0,0,0,no zero-add patterns found
task044,outputs\current_6352_53_stack\overrides\task044.onnx,outputs\candidates\current_6352_53_zero_add_removed\task044_ZeroAddRemoved.onnx,1187,1187,0,22235,22235,0,0,0,no zero-add patterns found
task045,outputs\current_6352_53_stack\overrides\task045.onnx,outputs\candidates\current_6352_53_zero_add_removed\task045_ZeroAddRemoved.onnx,225,225,0,1425,1425,0,0,0,no zero-add patterns found
task046,outputs\current_6352_53_stack\overrides\task046.onnx,outputs\candidates\current_6352_53_zero_add_removed\task046_ZeroAddRemoved.onnx,2772,2772,0,7494,7494,0,0,0,no zero-add patterns found
task047,outputs\current_6352_53_stack\overrides\task047.onnx,outputs\candidates\current_6352_53_zero_add_removed\task047_ZeroAddRemoved.onnx,324,324,0,3091,3091,0,0,0,no zero-add patterns found
task048,outputs\current_6352_53_stack\overrides\task048.onnx,outputs\candidates\current_6352_53_zero_add_removed\task048_ZeroAddRemoved.onnx,396,396,0,4064,4064,0,0,0,no zero-add patterns found
task049,outputs\current_6352_53_stack\overrides\task049.onnx,outputs\candidates\current_6352_53_zero_add_removed\task049_ZeroAddRemoved.onnx,1276,1276,0,3265,3265,0,0,0,no zero-add patterns found
task050,outputs\current_6352_53_stack\overrides\task050.onnx,outputs\candidates\current_6352_53_zero_add_removed\task050_ZeroAddRemoved.onnx,675,675,0,1939,1939,0,0,0,no zero-add patterns found
task051,outputs\current_6352_53_stack\overrides\task051.onnx,outputs\candidates\current_6352_53_zero_add_removed\task051_ZeroAddRemoved.onnx,713,713,0,3039,3039,0,0,0,no zero-add patterns found
task052,outputs\current_6352_53_stack\overrides\task052.onnx,outputs\candidates\current_6352_53_zero_add_removed\task052_ZeroAddRemoved.onnx,231,231,0,986,986,0,0,0,no zero-add patterns found
task053,outputs\current_6352_53_stack\overrides\task053.onnx,outputs\candidates\current_6352_53_zero_add_removed\task053_ZeroAddRemoved.onnx,270,270,0,175,175,0,0,0,no zero-add patterns found
task054,outputs\current_6352_53_stack\overrides\task054.onnx,outputs\candidates\current_6352_53_zero_add_removed\task054_ZeroAddRemoved.onnx,14339,14330,-9,48606,48468,-138,4,1,
task055,outputs\current_6352_53_stack\overrides\task055.onnx,outputs\candidates\current_6352_53_zero_add_removed\task055_ZeroAddRemoved.onnx,2907,2907,0,3952,3952,0,0,0,no zero-add patterns found
task056,outputs\current_6352_53_stack\overrides\task056.onnx,outputs\candidates\current_6352_53_zero_add_removed\task056_ZeroAddRemoved.onnx,231,231,0,815,815,0,0,0,no zero-add patterns found
task057,outputs\current_6352_53_stack\overrides\task057.onnx,outputs\candidates\current_6352_53_zero_add_removed\task057_ZeroAddRemoved.onnx,173,173,0,1616,1616,0,0,0,no zero-add patterns found
task058,outputs\current_6352_53_stack\overrides\task058.onnx,outputs\candidates\current_6352_53_zero_add_removed\task058_ZeroAddRemoved.onnx,19415,19415,0,14194,14194,0,0,0,no zero-add patterns found
task059,outputs\current_6352_53_stack\overrides\task059.onnx,outputs\candidates\current_6352_53_zero_add_removed\task059_ZeroAddRemoved.onnx,7821,7821,0,6897,6897,0,0,0,no zero-add patterns found
task060,outputs\current_6352_53_stack\overrides\task060.onnx,outputs\candidates\current_6352_53_zero_add_removed\task060_ZeroAddRemoved.onnx,771,771,0,2458,2458,0,0,0,no zero-add patterns found
task061,outputs\current_6352_53_stack\overrides\task061.onnx,outputs\candidates\current_6352_53_zero_add_removed\task061_ZeroAddRemoved.onnx,17726,17726,0,17030,17030,0,0,0,no zero-add patterns found
task062,outputs\current_6352_53_stack\overrides\task062.onnx,outputs\candidates\current_6352_53_zero_add_removed\task062_ZeroAddRemoved.onnx,2976,2976,0,4028,4028,0,0,0,no zero-add patterns found
task063,outputs\current_6352_53_stack\overrides\task063.onnx,outputs\candidates\current_6352_53_zero_add_removed\task063_ZeroAddRemoved.onnx,276,276,0,3709,3709,0,0,0,no zero-add patterns found
task064,outputs\current_6352_53_stack\overrides\task064.onnx,outputs\candidates\current_6352_53_zero_add_removed\task064_ZeroAddRemoved.onnx,723,723,0,3883,3883,0,0,0,no zero-add patterns found
task065,outputs\current_6352_53_stack\overrides\task065.onnx,outputs\candidates\current_6352_53_zero_add_removed\task065_ZeroAddRemoved.onnx,249,249,0,1936,1936,0,0,0,no zero-add patterns found
task066,outputs\current_6352_53_stack\overrides\task066.onnx,outputs\candidates\current_6352_53_zero_add_removed\task066_ZeroAddRemoved.onnx,860,860,0,16114,16114,0,0,0,no zero-add patterns found
task067,outputs\current_6352_53_stack\overrides\task067.onnx,outputs\candidates\current_6352_53_zero_add_removed\task067_ZeroAddRemoved.onnx,165,165,0,892,892,0,0,0,no zero-add patterns found
task068,outputs\current_6352_53_stack\overrides\task068.onnx,outputs\candidates\current_6352_53_zero_add_removed\task068_ZeroAddRemoved.onnx,177,177,0,1602,1602,0,0,0,no zero-add patterns found
task069,outputs\current_6352_53_stack\overrides\task069.onnx,outputs\candidates\current_6352_53_zero_add_removed\task069_ZeroAddRemoved.onnx,4566,4566,0,30370,30370,0,0,0,no zero-add patterns found
task070,outputs\current_6352_53_stack\overrides\task070.onnx,outputs\candidates\current_6352_53_zero_add_removed\task070_ZeroAddRemoved.onnx,258,258,0,11844,11844,0,0,0,no zero-add patterns found
task071,outputs\current_6352_53_stack\overrides\task071.onnx,outputs\candidates\current_6352_53_zero_add_removed\task071_ZeroAddRemoved.onnx,3722,3722,0,7954,7954,0,0,0,no zero-add patterns found
task072,outputs\current_6352_53_stack\overrides\task072.onnx,outputs\candidates\current_6352_53_zero_add_removed\task072_ZeroAddRemoved.onnx,255,255,0,1289,1289,0,0,0,no zero-add patterns found
task073,outputs\current_6352_53_stack\overrides\task073.onnx,outputs\candidates\current_6352_53_zero_add_removed\task073_ZeroAddRemoved.onnx,1500,1500,0,1397,1397,0,0,0,no zero-add patterns found
task074,outputs\current_6352_53_stack\overrides\task074.onnx,outputs\candidates\current_6352_53_zero_add_removed\task074_ZeroAddRemoved.onnx,321,321,0,1824,1824,0,0,0,no zero-add patterns found
task075,outputs\current_6352_53_stack\overrides\task075.onnx,outputs\candidates\current_6352_53_zero_add_removed\task075_ZeroAddRemoved.onnx,419,419,0,1534,1534,0,0,0,no zero-add patterns found
task076,outputs\current_6352_53_stack\overrides\task076.onnx,outputs\candidates\current_6352_53_zero_add_removed\task076_ZeroAddRemoved.onnx,12122,12122,0,54163,54163,0,0,0,no zero-add patterns found
task077,outputs\current_6352_53_stack\overrides\task077.onnx,outputs\candidates\current_6352_53_zero_add_removed\task077_ZeroAddRemoved.onnx,3569,3569,0,25987,25987,0,0,0,no zero-add patterns found
task078,outputs\current_6352_53_stack\overrides\task078.onnx,outputs\candidates\current_6352_53_zero_add_removed\task078_ZeroAddRemoved.onnx,252,252,0,1974,1974,0,0,0,no zero-add patterns found
task079,outputs\current_6352_53_stack\overrides\task079.onnx,outputs\candidates\current_6352_53_zero_add_removed\task079_ZeroAddRemoved.onnx,1301,1301,0,2695,2695,0,0,0,no zero-add patterns found
task080,outputs\current_6352_53_stack\overrides\task080.onnx,outputs\candidates\current_6352_53_zero_add_removed\task080_ZeroAddRemoved.onnx,1198,1198,0,10133,10133,0,0,0,no zero-add patterns found
task081,outputs\current_6352_53_stack\overrides\task081.onnx,outputs\candidates\current_6352_53_zero_add_removed\task081_ZeroAddRemoved.onnx,627,627,0,3749,3749,0,0,0,no zero-add patterns found
task082,outputs\current_6352_53_stack\overrides\task082.onnx,outputs\candidates\current_6352_53_zero_add_removed\task082_ZeroAddRemoved.onnx,392,392,0,1638,1638,0,0,0,no zero-add patterns found
task083,outputs\current_6352_53_stack\overrides\task083.onnx,outputs\candidates\current_6352_53_zero_add_removed\task083_ZeroAddRemoved.onnx,9000,9000,0,7454,7454,0,0,0,no zero-add patterns found
task084,outputs\current_6352_53_stack\overrides\task084.onnx,outputs\candidates\current_6352_53_zero_add_removed\task084_ZeroAddRemoved.onnx,499,499,0,2820,2820,0,0,0,no zero-add patterns found
task085,outputs\current_6352_53_stack\overrides\task085.onnx,outputs\candidates\current_6352_53_zero_add_removed\task085_ZeroAddRemoved.onnx,12308,12308,0,17531,17531,0,0,0,no zero-add patterns found
task086,outputs\current_6352_53_stack\overrides\task086.onnx,outputs\candidates\current_6352_53_zero_add_removed\task086_ZeroAddRemoved.onnx,689,689,0,3120,3120,0,0,0,no zero-add patterns found
task087,outputs\current_6352_53_stack\overrides\task087.onnx,outputs\candidates\current_6352_53_zero_add_removed\task087_ZeroAddRemoved.onnx,72,72,0,394,394,0,0,0,no zero-add patterns found
task088,outputs\current_6352_53_stack\overrides\task088.onnx,outputs\candidates\current_6352_53_zero_add_removed\task088_ZeroAddRemoved.onnx,668,668,0,4006,4006,0,0,0,no zero-add patterns found
task089,outputs\current_6352_53_stack\overrides\task089.onnx,outputs\candidates\current_6352_53_zero_add_removed\task089_ZeroAddRemoved.onnx,876,876,0,10554,10554,0,0,0,no zero-add patterns found
task090,outputs\current_6352_53_stack\overrides\task090.onnx,outputs\candidates\current_6352_53_zero_add_removed\task090_ZeroAddRemoved.onnx,1818,1818,0,3784,3784,0,0,0,no zero-add patterns found
task091,outputs\current_6352_53_stack\overrides\task091.onnx,outputs\candidates\current_6352_53_zero_add_removed\task091_ZeroAddRemoved.onnx,702,702,0,3325,3325,0,0,0,no zero-add patterns found
task092,outputs\current_6352_53_stack\overrides\task092.onnx,outputs\candidates\current_6352_53_zero_add_removed\task092_ZeroAddRemoved.onnx,122,122,0,2577,2577,0,0,0,no zero-add patterns found
task093,outputs\current_6352_53_stack\overrides\task093.onnx,outputs\candidates\current_6352_53_zero_add_removed\task093_ZeroAddRemoved.onnx,354,354,0,6234,6234,0,0,0,no zero-add patterns found
task094,outputs\current_6352_53_stack\overrides\task094.onnx,outputs\candidates\current_6352_53_zero_add_removed\task094_ZeroAddRemoved.onnx,552,552,0,3478,3478,0,0,0,no zero-add patterns found
task095,outputs\current_6352_53_stack\overrides\task095.onnx,outputs\candidates\current_6352_53_zero_add_removed\task095_ZeroAddRemoved.onnx,4500,4500,0,3797,3797,0,0,0,no zero-add patterns found
task096,outputs\current_6352_53_stack\overrides\task096.onnx,outputs\candidates\current_6352_53_zero_add_removed\task096_ZeroAddRemoved.onnx,0,0,0,11980,11980,0,0,0,no zero-add patterns found
task097,outputs\current_6352_53_stack\overrides\task097.onnx,outputs\candidates\current_6352_53_zero_add_removed\task097_ZeroAddRemoved.onnx,626,626,0,1475,1475,0,0,0,no zero-add patterns found
task098,outputs\current_6352_53_stack\overrides\task098.onnx,outputs\candidates\current_6352_53_zero_add_removed\task098_ZeroAddRemoved.onnx,4550,4550,0,3836,3836,0,0,0,no zero-add patterns found
task099,outputs\current_6352_53_stack\overrides\task099.onnx,outputs\candidates\current_6352_53_zero_add_removed\task099_ZeroAddRemoved.onnx,17550,17550,0,14222,14222,0,0,0,no zero-add patterns found
task100,outputs\current_6352_53_stack\overrides\task100.onnx,outputs\candidates\current_6352_53_zero_add_removed\task100_ZeroAddRemoved.onnx,335,335,0,4954,4954,0,0,0,no zero-add patterns found
task101,outputs\current_6352_53_stack\overrides\task101.onnx,outputs\candidates\current_6352_53_zero_add_removed\task101_ZeroAddRemoved.onnx,25701,25692,-9,33885,33702,-183,2,1,
task102,outputs\current_6352_53_stack\overrides\task102.onnx,outputs\candidates\current_6352_53_zero_add_removed\task102_ZeroAddRemoved.onnx,1740,1740,0,4821,4821,0,0,0,no zero-add patterns found
task103,outputs\current_6352_53_stack\overrides\task103.onnx,outputs\candidates\current_6352_53_zero_add_removed\task103_ZeroAddRemoved.onnx,128,128,0,927,927,0,0,0,no zero-add patterns found
task104,outputs\current_6352_53_stack\overrides\task104.onnx,outputs\candidates\current_6352_53_zero_add_removed\task104_ZeroAddRemoved.onnx,3066,3066,0,3505,3505,0,0,0,no zero-add patterns found
task105,outputs\current_6352_53_stack\overrides\task105.onnx,outputs\candidates\current_6352_53_zero_add_removed\task105_ZeroAddRemoved.onnx,606,606,0,8053,8053,0,0,0,no zero-add patterns found
task106,outputs\current_6352_53_stack\overrides\task106.onnx,outputs\candidates\current_6352_53_zero_add_removed\task106_ZeroAddRemoved.onnx,746,746,0,2939,2939,0,0,0,no zero-add patterns found
task107,outputs\current_6352_53_stack\overrides\task107.onnx,outputs\candidates\current_6352_53_zero_add_removed\task107_ZeroAddRemoved.onnx,41375,41375,0,30216,30216,0,0,0,no zero-add patterns found
task108,outputs\current_6352_53_stack\overrides\task108.onnx,outputs\candidates\current_6352_53_zero_add_removed\task108_ZeroAddRemoved.onnx,9000,9000,0,7454,7454,0,0,0,no zero-add patterns found
task109,outputs\current_6352_53_stack\overrides\task109.onnx,outputs\candidates\current_6352_53_zero_add_removed\task109_ZeroAddRemoved.onnx,2144,2144,0,3980,3980,0,0,0,no zero-add patterns found
task110,outputs\current_6352_53_stack\overrides\task110.onnx,outputs\candidates\current_6352_53_zero_add_removed\task110_ZeroAddRemoved.onnx,2945,2945,0,20499,20499,0,0,0,no zero-add patterns found
task111,outputs\current_6352_53_stack\overrides\task111.onnx,outputs\candidates\current_6352_53_zero_add_removed\task111_ZeroAddRemoved.onnx,225,225,0,1499,1499,0,0,0,no zero-add patterns found
task112,outputs\current_6352_53_stack\overrides\task112.onnx,outputs\candidates\current_6352_53_zero_add_removed\task112_ZeroAddRemoved.onnx,564,564,0,3987,3987,0,0,0,no zero-add patterns found
task113,outputs\current_6352_53_stack\overrides\task113.onnx,outputs\candidates\current_6352_53_zero_add_removed\task113_ZeroAddRemoved.onnx,270,270,0,499,499,0,0,0,no zero-add patterns found
task114,outputs\current_6352_53_stack\overrides\task114.onnx,outputs\candidates\current_6352_53_zero_add_removed\task114_ZeroAddRemoved.onnx,924,924,0,4671,4671,0,0,0,no zero-add patterns found
task115,outputs\current_6352_53_stack\overrides\task115.onnx,outputs\candidates\current_6352_53_zero_add_removed\task115_ZeroAddRemoved.onnx,423,423,0,3952,3952,0,0,0,no zero-add patterns found
task116,outputs\current_6352_53_stack\overrides\task116.onnx,outputs\candidates\current_6352_53_zero_add_removed\task116_ZeroAddRemoved.onnx,270,270,0,479,479,0,0,0,no zero-add patterns found
task117,outputs\current_6352_53_stack\overrides\task117.onnx,outputs\candidates\current_6352_53_zero_add_removed\task117_ZeroAddRemoved.onnx,1147,1147,0,7552,7552,0,0,0,no zero-add patterns found
task118,outputs\current_6352_53_stack\overrides\task118.onnx,outputs\candidates\current_6352_53_zero_add_removed\task118_ZeroAddRemoved.onnx,444,444,0,4327,4327,0,0,0,no zero-add patterns found
task119,outputs\current_6352_53_stack\overrides\task119.onnx,outputs\candidates\current_6352_53_zero_add_removed\task119_ZeroAddRemoved.onnx,612,612,0,12826,12826,0,0,0,no zero-add patterns found
task120,outputs\current_6352_53_stack\overrides\task120.onnx,outputs\candidates\current_6352_53_zero_add_removed\task120_ZeroAddRemoved.onnx,4550,4550,0,3836,3836,0,0,0,no zero-add patterns found
task121,outputs\current_6352_53_stack\overrides\task121.onnx,outputs\candidates\current_6352_53_zero_add_removed\task121_ZeroAddRemoved.onnx,366,366,0,3339,3339,0,0,0,no zero-add patterns found
task122,outputs\current_6352_53_stack\overrides\task122.onnx,outputs\candidates\current_6352_53_zero_add_removed\task122_ZeroAddRemoved.onnx,12550,12550,0,10236,10236,0,0,0,no zero-add patterns found
task123,outputs\current_6352_53_stack\overrides\task123.onnx,outputs\candidates\current_6352_53_zero_add_removed\task123_ZeroAddRemoved.onnx,8472,8472,0,9379,9379,0,0,0,no zero-add patterns found
task124,outputs\current_6352_53_stack\overrides\task124.onnx,outputs\candidates\current_6352_53_zero_add_removed\task124_ZeroAddRemoved.onnx,1763,1763,0,3839,3839,0,0,0,no zero-add patterns found
task125,outputs\current_6352_53_stack\overrides\task125.onnx,outputs\candidates\current_6352_53_zero_add_removed\task125_ZeroAddRemoved.onnx,639,639,0,3012,3012,0,0,0,no zero-add patterns found
task126,outputs\current_6352_53_stack\overrides\task126.onnx,outputs\candidates\current_6352_53_zero_add_removed\task126_ZeroAddRemoved.onnx,293,293,0,2121,2121,0,0,0,no zero-add patterns found
task127,outputs\current_6352_53_stack\overrides\task127.onnx,outputs\candidates\current_6352_53_zero_add_removed\task127_ZeroAddRemoved.onnx,4500,4500,0,3772,3772,0,0,0,no zero-add patterns found
task128,outputs\current_6352_53_stack\overrides\task128.onnx,outputs\candidates\current_6352_53_zero_add_removed\task128_ZeroAddRemoved.onnx,744,744,0,2394,2394,0,0,0,no zero-add patterns found
task129,outputs\current_6352_53_stack\overrides\task129.onnx,outputs\candidates\current_6352_53_zero_add_removed\task129_ZeroAddRemoved.onnx,150,150,0,606,606,0,0,0,no zero-add patterns found
task130,outputs\current_6352_53_stack\overrides\task130.onnx,outputs\candidates\current_6352_53_zero_add_removed\task130_ZeroAddRemoved.onnx,216,216,0,581,581,0,0,0,no zero-add patterns found
task131,outputs\current_6352_53_stack\overrides\task131.onnx,outputs\candidates\current_6352_53_zero_add_removed\task131_ZeroAddRemoved.onnx,3135,3135,0,7860,7860,0,0,0,no zero-add patterns found
task132,outputs\current_6352_53_stack\overrides\task132.onnx,outputs\candidates\current_6352_53_zero_add_removed\task132_ZeroAddRemoved.onnx,366,366,0,2585,2585,0,0,0,no zero-add patterns found
task133,outputs\current_6352_53_stack\overrides\task133.onnx,outputs\candidates\current_6352_53_zero_add_removed\task133_ZeroAddRemoved.onnx,641,641,0,24395,24395,0,0,0,no zero-add patterns found
task134,outputs\current_6352_53_stack\overrides\task134.onnx,outputs\candidates\current_6352_53_zero_add_removed\task134_ZeroAddRemoved.onnx,486,486,0,4599,4599,0,0,0,no zero-add patterns found
task135,outputs\current_6352_53_stack\overrides\task135.onnx,outputs\candidates\current_6352_53_zero_add_removed\task135_ZeroAddRemoved.onnx,0,0,0,251,251,0,0,0,no zero-add patterns found
task136,outputs\current_6352_53_stack\overrides\task136.onnx,outputs\candidates\current_6352_53_zero_add_removed\task136_ZeroAddRemoved.onnx,576,576,0,2827,2827,0,0,0,no zero-add patterns found
task137,outputs\current_6352_53_stack\overrides\task137.onnx,outputs\candidates\current_6352_53_zero_add_removed\task137_ZeroAddRemoved.onnx,2008,2008,0,2684,2684,0,0,0,no zero-add patterns found
task138,outputs\current_6352_53_stack\overrides\task138.onnx,outputs\candidates\current_6352_53_zero_add_removed\task138_ZeroAddRemoved.onnx,449,449,0,5476,5476,0,0,0,no zero-add patterns found
task139,outputs\current_6352_53_stack\overrides\task139.onnx,outputs\candidates\current_6352_53_zero_add_removed\task139_ZeroAddRemoved.onnx,988,988,0,3865,3865,0,0,0,no zero-add patterns found
task140,outputs\current_6352_53_stack\overrides\task140.onnx,outputs\candidates\current_6352_53_zero_add_removed\task140_ZeroAddRemoved.onnx,72,72,0,394,394,0,0,0,no zero-add patterns found
task141,outputs\current_6352_53_stack\overrides\task141.onnx,outputs\candidates\current_6352_53_zero_add_removed\task141_ZeroAddRemoved.onnx,447,447,0,1874,1874,0,0,0,no zero-add patterns found
task142,outputs\current_6352_53_stack\overrides\task142.onnx,outputs\candidates\current_6352_53_zero_add_removed\task142_ZeroAddRemoved.onnx,437,437,0,703,703,0,0,0,no zero-add patterns found
task143,outputs\current_6352_53_stack\overrides\task143.onnx,outputs\candidates\current_6352_53_zero_add_removed\task143_ZeroAddRemoved.onnx,441,441,0,2144,2144,0,0,0,no zero-add patterns found
task144,outputs\current_6352_53_stack\overrides\task144.onnx,outputs\candidates\current_6352_53_zero_add_removed\task144_ZeroAddRemoved.onnx,306,306,0,1321,1321,0,0,0,no zero-add patterns found
task145,outputs\current_6352_53_stack\overrides\task145.onnx,outputs\candidates\current_6352_53_zero_add_removed\task145_ZeroAddRemoved.onnx,2979,2979,0,19428,19428,0,0,0,no zero-add patterns found
task146,outputs\current_6352_53_stack\overrides\task146.onnx,outputs\candidates\current_6352_53_zero_add_removed\task146_ZeroAddRemoved.onnx,203,203,0,1894,1894,0,0,0,no zero-add patterns found
task147,outputs\current_6352_53_stack\overrides\task147.onnx,outputs\candidates\current_6352_53_zero_add_removed\task147_ZeroAddRemoved.onnx,4550,4550,0,3825,3825,0,0,0,no zero-add patterns found
task148,outputs\current_6352_53_stack\overrides\task148.onnx,outputs\candidates\current_6352_53_zero_add_removed\task148_ZeroAddRemoved.onnx,1221,1221,0,6750,6750,0,0,0,no zero-add patterns found
task149,outputs\current_6352_53_stack\overrides\task149.onnx,outputs\candidates\current_6352_53_zero_add_removed\task149_ZeroAddRemoved.onnx,455,455,0,859,859,0,0,0,no zero-add patterns found
task150,outputs\current_6352_53_stack\overrides\task150.onnx,outputs\candidates\current_6352_53_zero_add_removed\task150_ZeroAddRemoved.onnx,196,196,0,618,618,0,0,0,no zero-add patterns found
task151,outputs\current_6352_53_stack\overrides\task151.onnx,outputs\candidates\current_6352_53_zero_add_removed\task151_ZeroAddRemoved.onnx,4550,4550,0,3880,3880,0,0,0,no zero-add patterns found
task152,outputs\current_6352_53_stack\overrides\task152.onnx,outputs\candidates\current_6352_53_zero_add_removed\task152_ZeroAddRemoved.onnx,437,437,0,703,703,0,0,0,no zero-add patterns found
task153,outputs\current_6352_53_stack\overrides\task153.onnx,outputs\candidates\current_6352_53_zero_add_removed\task153_ZeroAddRemoved.onnx,806,806,0,8924,8924,0,0,0,no zero-add patterns found
task154,outputs\current_6352_53_stack\overrides\task154.onnx,outputs\candidates\current_6352_53_zero_add_removed\task154_ZeroAddRemoved.onnx,3182,3182,0,4963,4963,0,0,0,no zero-add patterns found
task155,outputs\current_6352_53_stack\overrides\task155.onnx,outputs\candidates\current_6352_53_zero_add_removed\task155_ZeroAddRemoved.onnx,196,196,0,618,618,0,0,0,no zero-add patterns found
task156,outputs\current_6352_53_stack\overrides\task156.onnx,outputs\candidates\current_6352_53_zero_add_removed\task156_ZeroAddRemoved.onnx,5852,5852,0,26646,26646,0,0,0,no zero-add patterns found
task157,outputs\current_6352_53_stack\overrides\task157.onnx,outputs\candidates\current_6352_53_zero_add_removed\task157_ZeroAddRemoved.onnx,3197,3197,0,182274,182274,0,0,0,no zero-add patterns found
task158,outputs\current_6352_53_stack\overrides\task158.onnx,outputs\candidates\current_6352_53_zero_add_removed\task158_ZeroAddRemoved.onnx,2147,2147,0,21848,21848,0,0,0,no zero-add patterns found
task159,outputs\current_6352_53_stack\overrides\task159.onnx,outputs\candidates\current_6352_53_zero_add_removed\task159_ZeroAddRemoved.onnx,12549,12549,0,12822,12822,0,0,0,no zero-add patterns found
task160,outputs\current_6352_53_stack\overrides\task160.onnx,outputs\candidates\current_6352_53_zero_add_removed\task160_ZeroAddRemoved.onnx,363,363,0,2171,2171,0,0,0,no zero-add patterns found
task161,outputs\current_6352_53_stack\overrides\task161.onnx,outputs\candidates\current_6352_53_zero_add_removed\task161_ZeroAddRemoved.onnx,197,197,0,2998,2998,0,0,0,no zero-add patterns found
task162,outputs\current_6352_53_stack\overrides\task162.onnx,outputs\candidates\current_6352_53_zero_add_removed\task162_ZeroAddRemoved.onnx,183,183,0,2268,2268,0,0,0,no zero-add patterns found
task163,outputs\current_6352_53_stack\overrides\task163.onnx,outputs\candidates\current_6352_53_zero_add_removed\task163_ZeroAddRemoved.onnx,5643,5643,0,8017,8017,0,0,0,no zero-add patterns found
task164,outputs\current_6352_53_stack\overrides\task164.onnx,outputs\candidates\current_6352_53_zero_add_removed\task164_ZeroAddRemoved.onnx,270,270,0,479,479,0,0,0,no zero-add patterns found
task165,outputs\current_6352_53_stack\overrides\task165.onnx,outputs\candidates\current_6352_53_zero_add_removed\task165_ZeroAddRemoved.onnx,3162,3162,0,5614,5614,0,0,0,no zero-add patterns found
task166,outputs\current_6352_53_stack\overrides\task166.onnx,outputs\candidates\current_6352_53_zero_add_removed\task166_ZeroAddRemoved.onnx,267,267,0,1337,1337,0,0,0,no zero-add patterns found
task167,outputs\current_6352_53_stack\overrides\task167.onnx,outputs\candidates\current_6352_53_zero_add_removed\task167_ZeroAddRemoved.onnx,492,492,0,1420,1420,0,0,0,no zero-add patterns found
task168,outputs\current_6352_53_stack\overrides\task168.onnx,outputs\candidates\current_6352_53_zero_add_removed\task168_ZeroAddRemoved.onnx,675,675,0,4620,4620,0,0,0,no zero-add patterns found
task169,outputs\current_6352_53_stack\overrides\task169.onnx,outputs\candidates\current_6352_53_zero_add_removed\task169_ZeroAddRemoved.onnx,2436,2436,0,7208,7208,0,0,0,no zero-add patterns found
task170,outputs\current_6352_53_stack\overrides\task170.onnx,outputs\candidates\current_6352_53_zero_add_removed\task170_ZeroAddRemoved.onnx,1440,1440,0,50301,50301,0,0,0,no zero-add patterns found
task171,outputs\current_6352_53_stack\overrides\task171.onnx,outputs\candidates\current_6352_53_zero_add_removed\task171_ZeroAddRemoved.onnx,4550,4550,0,3825,3825,0,0,0,no zero-add patterns found
task172,outputs\current_6352_53_stack\overrides\task172.onnx,outputs\candidates\current_6352_53_zero_add_removed\task172_ZeroAddRemoved.onnx,270,270,0,479,479,0,0,0,no zero-add patterns found
task173,outputs\current_6352_53_stack\overrides\task173.onnx,outputs\candidates\current_6352_53_zero_add_removed\task173_ZeroAddRemoved.onnx,12944,12944,0,27588,27200,-388,14,0,
task174,outputs\current_6352_53_stack\overrides\task174.onnx,outputs\candidates\current_6352_53_zero_add_removed\task174_ZeroAddRemoved.onnx,547,542,-5,4896,4818,-78,2,1,
task175,outputs\current_6352_53_stack\overrides\task175.onnx,outputs\candidates\current_6352_53_zero_add_removed\task175_ZeroAddRemoved.onnx,10069,10069,0,8709,8709,0,0,0,no zero-add patterns found
task176,outputs\current_6352_53_stack\overrides\task176.onnx,outputs\candidates\current_6352_53_zero_add_removed\task176_ZeroAddRemoved.onnx,504,504,0,1126,1126,0,0,0,no zero-add patterns found
task177,outputs\current_6352_53_stack\overrides\task177.onnx,outputs\candidates\current_6352_53_zero_add_removed\task177_ZeroAddRemoved.onnx,592,592,0,3077,3077,0,0,0,no zero-add patterns found
task178,outputs\current_6352_53_stack\overrides\task178.onnx,outputs\candidates\current_6352_53_zero_add_removed\task178_ZeroAddRemoved.onnx,755,755,0,6317,6317,0,0,0,no zero-add patterns found
task179,outputs\current_6352_53_stack\overrides\task179.onnx,outputs\candidates\current_6352_53_zero_add_removed\task179_ZeroAddRemoved.onnx,0,0,0,170,170,0,0,0,no zero-add patterns found
task180,outputs\current_6352_53_stack\overrides\task180.onnx,outputs\candidates\current_6352_53_zero_add_removed\task180_ZeroAddRemoved.onnx,2838,2838,0,2525,2525,0,0,0,no zero-add patterns found
task181,outputs\current_6352_53_stack\overrides\task181.onnx,outputs\candidates\current_6352_53_zero_add_removed\task181_ZeroAddRemoved.onnx,672,672,0,3083,3083,0,0,0,no zero-add patterns found
task182,outputs\current_6352_53_stack\overrides\task182.onnx,outputs\candidates\current_6352_53_zero_add_removed\task182_ZeroAddRemoved.onnx,3574,3574,0,11274,11274,0,0,0,no zero-add patterns found
task183,outputs\current_6352_53_stack\overrides\task183.onnx,outputs\candidates\current_6352_53_zero_add_removed\task183_ZeroAddRemoved.onnx,190,190,0,3009,3009,0,0,0,no zero-add patterns found
task184,outputs\current_6352_53_stack\overrides\task184.onnx,outputs\candidates\current_6352_53_zero_add_removed\task184_ZeroAddRemoved.onnx,48350,48350,0,43202,43202,0,0,0,no zero-add patterns found
task185,outputs\current_6352_53_stack\overrides\task185.onnx,outputs\candidates\current_6352_53_zero_add_removed\task185_ZeroAddRemoved.onnx,613,613,0,3227,3227,0,0,0,no zero-add patterns found
task186,outputs\current_6352_53_stack\overrides\task186.onnx,outputs\candidates\current_6352_53_zero_add_removed\task186_ZeroAddRemoved.onnx,156,156,0,888,888,0,0,0,no zero-add patterns found
task187,outputs\current_6352_53_stack\overrides\task187.onnx,outputs\candidates\current_6352_53_zero_add_removed\task187_ZeroAddRemoved.onnx,1894,1894,0,9705,9705,0,0,0,no zero-add patterns found
task188,outputs\current_6352_53_stack\overrides\task188.onnx,outputs\candidates\current_6352_53_zero_add_removed\task188_ZeroAddRemoved.onnx,312,312,0,3259,3259,0,0,0,no zero-add patterns found
task189,outputs\current_6352_53_stack\overrides\task189.onnx,outputs\candidates\current_6352_53_zero_add_removed\task189_ZeroAddRemoved.onnx,1449,1449,0,10578,10578,0,0,0,no zero-add patterns found
task190,outputs\current_6352_53_stack\overrides\task190.onnx,outputs\candidates\current_6352_53_zero_add_removed\task190_ZeroAddRemoved.onnx,1538,1538,0,8781,8781,0,0,0,no zero-add patterns found
task191,outputs\current_6352_53_stack\overrides\task191.onnx,outputs\candidates\current_6352_53_zero_add_removed\task191_ZeroAddRemoved.onnx,1647,1647,0,6249,6249,0,0,0,no zero-add patterns found
task192,outputs\current_6352_53_stack\overrides\task192.onnx,outputs\candidates\current_6352_53_zero_add_removed\task192_ZeroAddRemoved.onnx,436,436,0,2013,2013,0,0,0,no zero-add patterns found
task193,outputs\current_6352_53_stack\overrides\task193.onnx,outputs\candidates\current_6352_53_zero_add_removed\task193_ZeroAddRemoved.onnx,327,327,0,1925,1925,0,0,0,no zero-add patterns found
task194,outputs\current_6352_53_stack\overrides\task194.onnx,outputs\candidates\current_6352_53_zero_add_removed\task194_ZeroAddRemoved.onnx,437,437,0,703,703,0,0,0,no zero-add patterns found
task195,outputs\current_6352_53_stack\overrides\task195.onnx,outputs\candidates\current_6352_53_zero_add_removed\task195_ZeroAddRemoved.onnx,4073,4073,0,5381,5381,0,0,0,no zero-add patterns found
task196,outputs\current_6352_53_stack\overrides\task196.onnx,outputs\candidates\current_6352_53_zero_add_removed\task196_ZeroAddRemoved.onnx,342,342,0,3491,3491,0,0,0,no zero-add patterns found
task197,outputs\current_6352_53_stack\overrides\task197.onnx,outputs\candidates\current_6352_53_zero_add_removed\task197_ZeroAddRemoved.onnx,66,66,0,1223,1223,0,0,0,no zero-add patterns found
task198,outputs\current_6352_53_stack\overrides\task198.onnx,outputs\candidates\current_6352_53_zero_add_removed\task198_ZeroAddRemoved.onnx,5063,5063,0,7227,7175,-52,2,0,
task199,outputs\current_6352_53_stack\overrides\task199.onnx,outputs\candidates\current_6352_53_zero_add_removed\task199_ZeroAddRemoved.onnx,378,378,0,2948,2948,0,0,0,no zero-add patterns found
task200,outputs\current_6352_53_stack\overrides\task200.onnx,outputs\candidates\current_6352_53_zero_add_removed\task200_ZeroAddRemoved.onnx,326,326,0,3848,3848,0,0,0,no zero-add patterns found
task201,outputs\current_6352_53_stack\overrides\task201.onnx,outputs\candidates\current_6352_53_zero_add_removed\task201_ZeroAddRemoved.onnx,1374,1374,0,9475,9475,0,0,0,no zero-add patterns found
task202,outputs\current_6352_53_stack\overrides\task202.onnx,outputs\candidates\current_6352_53_zero_add_removed\task202_ZeroAddRemoved.onnx,152,152,0,2010,2010,0,0,0,no zero-add patterns found
task203,outputs\current_6352_53_stack\overrides\task203.onnx,outputs\candidates\current_6352_53_zero_add_removed\task203_ZeroAddRemoved.onnx,5632,5632,0,4878,4878,0,0,0,no zero-add patterns found
task204,outputs\current_6352_53_stack\overrides\task204.onnx,outputs\candidates\current_6352_53_zero_add_removed\task204_ZeroAddRemoved.onnx,5922,5922,0,6678,6678,0,0,0,no zero-add patterns found
task205,outputs\current_6352_53_stack\overrides\task205.onnx,outputs\candidates\current_6352_53_zero_add_removed\task205_ZeroAddRemoved.onnx,3521,3521,0,6928,6928,0,0,0,no zero-add patterns found
task206,outputs\current_6352_53_stack\overrides\task206.onnx,outputs\candidates\current_6352_53_zero_add_removed\task206_ZeroAddRemoved.onnx,362,362,0,3944,3944,0,0,0,no zero-add patterns found
task207,outputs\current_6352_53_stack\overrides\task207.onnx,outputs\candidates\current_6352_53_zero_add_removed\task207_ZeroAddRemoved.onnx,303,303,0,1979,1979,0,0,0,no zero-add patterns found
task208,outputs\current_6352_53_stack\overrides\task208.onnx,outputs\candidates\current_6352_53_zero_add_removed\task208_ZeroAddRemoved.onnx,1806,1806,0,16291,16291,0,0,0,no zero-add patterns found
task209,outputs\current_6352_53_stack\overrides\task209.onnx,outputs\candidates\current_6352_53_zero_add_removed\task209_ZeroAddRemoved.onnx,873,873,0,12230,12230,0,0,0,no zero-add patterns found
task210,outputs\current_6352_53_stack\overrides\task210.onnx,outputs\candidates\current_6352_53_zero_add_removed\task210_ZeroAddRemoved.onnx,270,270,0,479,479,0,0,0,no zero-add patterns found
task211,outputs\current_6352_53_stack\overrides\task211.onnx,outputs\candidates\current_6352_53_zero_add_removed\task211_ZeroAddRemoved.onnx,437,437,0,703,703,0,0,0,no zero-add patterns found
task212,outputs\current_6352_53_stack\overrides\task212.onnx,outputs\candidates\current_6352_53_zero_add_removed\task212_ZeroAddRemoved.onnx,618,618,0,5951,5951,0,0,0,no zero-add patterns found
task213,outputs\current_6352_53_stack\overrides\task213.onnx,outputs\candidates\current_6352_53_zero_add_removed\task213_ZeroAddRemoved.onnx,489,489,0,2314,2314,0,0,0,no zero-add patterns found
task214,outputs\current_6352_53_stack\overrides\task214.onnx,outputs\candidates\current_6352_53_zero_add_removed\task214_ZeroAddRemoved.onnx,407,407,0,679,679,0,0,0,no zero-add patterns found
task215,outputs\current_6352_53_stack\overrides\task215.onnx,outputs\candidates\current_6352_53_zero_add_removed\task215_ZeroAddRemoved.onnx,356,356,0,1688,1688,0,0,0,no zero-add patterns found
task216,outputs\current_6352_53_stack\overrides\task216.onnx,outputs\candidates\current_6352_53_zero_add_removed\task216_ZeroAddRemoved.onnx,893,893,0,10165,10165,0,0,0,no zero-add patterns found
task217,outputs\current_6352_53_stack\overrides\task217.onnx,outputs\candidates\current_6352_53_zero_add_removed\task217_ZeroAddRemoved.onnx,203,203,0,1350,1350,0,0,0,no zero-add patterns found
task218,outputs\current_6352_53_stack\overrides\task218.onnx,outputs\candidates\current_6352_53_zero_add_removed\task218_ZeroAddRemoved.onnx,330,330,0,5807,5807,0,0,0,no zero-add patterns found
task219,outputs\current_6352_53_stack\overrides\task219.onnx,outputs\candidates\current_6352_53_zero_add_removed\task219_ZeroAddRemoved.onnx,1628,1628,0,16584,16584,0,0,0,no zero-add patterns found
task220,outputs\current_6352_53_stack\overrides\task220.onnx,outputs\candidates\current_6352_53_zero_add_removed\task220_ZeroAddRemoved.onnx,4500,4500,0,3798,3798,0,0,0,no zero-add patterns found
task221,outputs\current_6352_53_stack\overrides\task221.onnx,outputs\candidates\current_6352_53_zero_add_removed\task221_ZeroAddRemoved.onnx,15226,15226,0,12415,12415,0,0,0,no zero-add patterns found
task222,outputs\current_6352_53_stack\overrides\task222.onnx,outputs\candidates\current_6352_53_zero_add_removed\task222_ZeroAddRemoved.onnx,405,405,0,2578,2578,0,0,0,no zero-add patterns found
task223,outputs\current_6352_53_stack\overrides\task223.onnx,outputs\candidates\current_6352_53_zero_add_removed\task223_ZeroAddRemoved.onnx,450,450,0,587,587,0,0,0,no zero-add patterns found
task224,outputs\current_6352_53_stack\overrides\task224.onnx,outputs\candidates\current_6352_53_zero_add_removed\task224_ZeroAddRemoved.onnx,690,690,0,4703,4703,0,0,0,no zero-add patterns found
task225,outputs\current_6352_53_stack\overrides\task225.onnx,outputs\candidates\current_6352_53_zero_add_removed\task225_ZeroAddRemoved.onnx,2387,2387,0,5688,5688,0,0,0,no zero-add patterns found
task226,outputs\current_6352_53_stack\overrides\task226.onnx,outputs\candidates\current_6352_53_zero_add_removed\task226_ZeroAddRemoved.onnx,621,621,0,4625,4625,0,0,0,no zero-add patterns found
task227,outputs\current_6352_53_stack\overrides\task227.onnx,outputs\candidates\current_6352_53_zero_add_removed\task227_ZeroAddRemoved.onnx,235,235,0,1175,1175,0,0,0,no zero-add patterns found
task228,outputs\current_6352_53_stack\overrides\task228.onnx,outputs\candidates\current_6352_53_zero_add_removed\task228_ZeroAddRemoved.onnx,492,492,0,2649,2649,0,0,0,no zero-add patterns found
task229,outputs\current_6352_53_stack\overrides\task229.onnx,outputs\candidates\current_6352_53_zero_add_removed\task229_ZeroAddRemoved.onnx,333,333,0,1379,1379,0,0,0,no zero-add patterns found
task230,outputs\current_6352_53_stack\overrides\task230.onnx,outputs\candidates\current_6352_53_zero_add_removed\task230_ZeroAddRemoved.onnx,4500,4500,0,3798,3798,0,0,0,no zero-add patterns found
task231,outputs\current_6352_53_stack\overrides\task231.onnx,outputs\candidates\current_6352_53_zero_add_removed\task231_ZeroAddRemoved.onnx,481,481,0,4556,4556,0,0,0,no zero-add patterns found
task232,outputs\current_6352_53_stack\overrides\task232.onnx,outputs\candidates\current_6352_53_zero_add_removed\task232_ZeroAddRemoved.onnx,273,273,0,1616,1616,0,0,0,no zero-add patterns found
task233,outputs\current_6352_53_stack\overrides\task233.onnx,outputs\candidates\current_6352_53_zero_add_removed\task233_ZeroAddRemoved.onnx,6293,6293,0,22915,22915,0,0,0,no zero-add patterns found
task234,outputs\current_6352_53_stack\overrides\task234.onnx,outputs\candidates\current_6352_53_zero_add_removed\task234_ZeroAddRemoved.onnx,348,348,0,4106,4106,0,0,0,no zero-add patterns found
task235,outputs\current_6352_53_stack\overrides\task235.onnx,outputs\candidates\current_6352_53_zero_add_removed\task235_ZeroAddRemoved.onnx,592,592,0,3142,3142,0,0,0,no zero-add patterns found
task236,outputs\current_6352_53_stack\overrides\task236.onnx,outputs\candidates\current_6352_53_zero_add_removed\task236_ZeroAddRemoved.onnx,3,3,0,623,623,0,0,0,no zero-add patterns found
task237,outputs\current_6352_53_stack\overrides\task237.onnx,outputs\candidates\current_6352_53_zero_add_removed\task237_ZeroAddRemoved.onnx,291,291,0,1637,1637,0,0,0,no zero-add patterns found
task238,outputs\current_6352_53_stack\overrides\task238.onnx,outputs\candidates\current_6352_53_zero_add_removed\task238_ZeroAddRemoved.onnx,4467,4467,0,12003,12003,0,0,0,no zero-add patterns found
task239,outputs\current_6352_53_stack\overrides\task239.onnx,outputs\candidates\current_6352_53_zero_add_removed\task239_ZeroAddRemoved.onnx,1284,1284,0,3315,3315,0,0,0,no zero-add patterns found
task240,outputs\current_6352_53_stack\overrides\task240.onnx,outputs\candidates\current_6352_53_zero_add_removed\task240_ZeroAddRemoved.onnx,60767,60767,0,48169,48169,0,0,0,no zero-add patterns found
task241,outputs\current_6352_53_stack\overrides\task241.onnx,outputs\candidates\current_6352_53_zero_add_removed\task241_ZeroAddRemoved.onnx,0,0,0,170,170,0,0,0,no zero-add patterns found
task242,outputs\current_6352_53_stack\overrides\task242.onnx,outputs\candidates\current_6352_53_zero_add_removed\task242_ZeroAddRemoved.onnx,398,398,0,1736,1736,0,0,0,no zero-add patterns found
task243,outputs\current_6352_53_stack\overrides\task243.onnx,outputs\candidates\current_6352_53_zero_add_removed\task243_ZeroAddRemoved.onnx,866,866,0,8229,8229,0,0,0,no zero-add patterns found
task244,outputs\current_6352_53_stack\overrides\task244.onnx,outputs\candidates\current_6352_53_zero_add_removed\task244_ZeroAddRemoved.onnx,425,425,0,4574,4574,0,0,0,no zero-add patterns found
task245,outputs\current_6352_53_stack\overrides\task245.onnx,outputs\candidates\current_6352_53_zero_add_removed\task245_ZeroAddRemoved.onnx,342,342,0,2751,2751,0,0,0,no zero-add patterns found
task246,outputs\current_6352_53_stack\overrides\task246.onnx,outputs\candidates\current_6352_53_zero_add_removed\task246_ZeroAddRemoved.onnx,1079,1079,0,3824,3824,0,0,0,no zero-add patterns found
task247,outputs\current_6352_53_stack\overrides\task247.onnx,outputs\candidates\current_6352_53_zero_add_removed\task247_ZeroAddRemoved.onnx,178,178,0,2060,2060,0,0,0,no zero-add patterns found
task248,outputs\current_6352_53_stack\overrides\task248.onnx,outputs\candidates\current_6352_53_zero_add_removed\task248_ZeroAddRemoved.onnx,9100,9100,0,8306,8306,0,0,0,no zero-add patterns found
task249,outputs\current_6352_53_stack\overrides\task249.onnx,outputs\candidates\current_6352_53_zero_add_removed\task249_ZeroAddRemoved.onnx,178,178,0,946,946,0,0,0,no zero-add patterns found
task250,outputs\current_6352_53_stack\overrides\task250.onnx,outputs\candidates\current_6352_53_zero_add_removed\task250_ZeroAddRemoved.onnx,371,371,0,14610,14610,0,0,0,no zero-add patterns found
task251,outputs\current_6352_53_stack\overrides\task251.onnx,outputs\candidates\current_6352_53_zero_add_removed\task251_ZeroAddRemoved.onnx,174,174,0,5106,5106,0,0,0,no zero-add patterns found
task252,outputs\current_6352_53_stack\overrides\task252.onnx,outputs\candidates\current_6352_53_zero_add_removed\task252_ZeroAddRemoved.onnx,996,996,0,3201,3201,0,0,0,no zero-add patterns found
task253,outputs\current_6352_53_stack\overrides\task253.onnx,outputs\candidates\current_6352_53_zero_add_removed\task253_ZeroAddRemoved.onnx,2407,2407,0,3510,3510,0,0,0,no zero-add patterns found
task254,outputs\current_6352_53_stack\overrides\task254.onnx,outputs\candidates\current_6352_53_zero_add_removed\task254_ZeroAddRemoved.onnx,918,918,0,4960,4960,0,0,0,no zero-add patterns found
task255,outputs\current_6352_53_stack\overrides\task255.onnx,outputs\candidates\current_6352_53_zero_add_removed\task255_ZeroAddRemoved.onnx,2016,2016,0,10246,10246,0,0,0,no zero-add patterns found
task256,outputs\current_6352_53_stack\overrides\task256.onnx,outputs\candidates\current_6352_53_zero_add_removed\task256_ZeroAddRemoved.onnx,339,339,0,4194,4194,0,0,0,no zero-add patterns found
task257,outputs\current_6352_53_stack\overrides\task257.onnx,outputs\candidates\current_6352_53_zero_add_removed\task257_ZeroAddRemoved.onnx,375,375,0,1369,1369,0,0,0,no zero-add patterns found
task258,outputs\current_6352_53_stack\overrides\task258.onnx,outputs\candidates\current_6352_53_zero_add_removed\task258_ZeroAddRemoved.onnx,800,800,0,880,880,0,0,0,no zero-add patterns found
task259,outputs\current_6352_53_stack\overrides\task259.onnx,outputs\candidates\current_6352_53_zero_add_removed\task259_ZeroAddRemoved.onnx,382,382,0,3882,3882,0,0,0,no zero-add patterns found
task260,outputs\current_6352_53_stack\overrides\task260.onnx,outputs\candidates\current_6352_53_zero_add_removed\task260_ZeroAddRemoved.onnx,525,525,0,3816,3816,0,0,0,no zero-add patterns found
task261,outputs\current_6352_53_stack\overrides\task261.onnx,outputs\candidates\current_6352_53_zero_add_removed\task261_ZeroAddRemoved.onnx,1000,1000,0,995,995,0,0,0,no zero-add patterns found
task262,outputs\current_6352_53_stack\overrides\task262.onnx,outputs\candidates\current_6352_53_zero_add_removed\task262_ZeroAddRemoved.onnx,206,206,0,903,903,0,0,0,no zero-add patterns found
task263,outputs\current_6352_53_stack\overrides\task263.onnx,outputs\candidates\current_6352_53_zero_add_removed\task263_ZeroAddRemoved.onnx,369,369,0,6815,6815,0,0,0,no zero-add patterns found
task264,outputs\current_6352_53_stack\overrides\task264.onnx,outputs\candidates\current_6352_53_zero_add_removed\task264_ZeroAddRemoved.onnx,6570,6570,0,9312,9312,0,0,0,no zero-add patterns found
task265,outputs\current_6352_53_stack\overrides\task265.onnx,outputs\candidates\current_6352_53_zero_add_removed\task265_ZeroAddRemoved.onnx,507,507,0,2076,2076,0,0,0,no zero-add patterns found
task266,outputs\current_6352_53_stack\overrides\task266.onnx,outputs\candidates\current_6352_53_zero_add_removed\task266_ZeroAddRemoved.onnx,4550,4550,0,3825,3825,0,0,0,no zero-add patterns found
task267,outputs\current_6352_53_stack\overrides\task267.onnx,outputs\candidates\current_6352_53_zero_add_removed\task267_ZeroAddRemoved.onnx,315,315,0,1202,1202,0,0,0,no zero-add patterns found
task268,outputs\current_6352_53_stack\overrides\task268.onnx,outputs\candidates\current_6352_53_zero_add_removed\task268_ZeroAddRemoved.onnx,309,309,0,6821,6821,0,0,0,no zero-add patterns found
task269,outputs\current_6352_53_stack\overrides\task269.onnx,outputs\candidates\current_6352_53_zero_add_removed\task269_ZeroAddRemoved.onnx,420,420,0,2336,2336,0,0,0,no zero-add patterns found
task270,outputs\current_6352_53_stack\overrides\task270.onnx,outputs\candidates\current_6352_53_zero_add_removed\task270_ZeroAddRemoved.onnx,4357,4357,0,13846,13846,0,0,0,no zero-add patterns found
task271,outputs\current_6352_53_stack\overrides\task271.onnx,outputs\candidates\current_6352_53_zero_add_removed\task271_ZeroAddRemoved.onnx,439,439,0,1993,1993,0,0,0,no zero-add patterns found
task272,outputs\current_6352_53_stack\overrides\task272.onnx,outputs\candidates\current_6352_53_zero_add_removed\task272_ZeroAddRemoved.onnx,2300,2300,0,2039,2039,0,0,0,no zero-add patterns found
task273,outputs\current_6352_53_stack\overrides\task273.onnx,outputs\candidates\current_6352_53_zero_add_removed\task273_ZeroAddRemoved.onnx,270,270,0,1670,1670,0,0,0,no zero-add patterns found
task274,outputs\current_6352_53_stack\overrides\task274.onnx,outputs\candidates\current_6352_53_zero_add_removed\task274_ZeroAddRemoved.onnx,645,645,0,2503,2503,0,0,0,no zero-add patterns found
task275,outputs\current_6352_53_stack\overrides\task275.onnx,outputs\candidates\current_6352_53_zero_add_removed\task275_ZeroAddRemoved.onnx,835,835,0,6467,6467,0,0,0,no zero-add patterns found
task276,outputs\current_6352_53_stack\overrides\task276.onnx,outputs\candidates\current_6352_53_zero_add_removed\task276_ZeroAddRemoved.onnx,90,90,0,217,217,0,0,0,no zero-add patterns found
task277,outputs\current_6352_53_stack\overrides\task277.onnx,outputs\candidates\current_6352_53_zero_add_removed\task277_ZeroAddRemoved.onnx,876,876,0,6735,6735,0,0,0,no zero-add patterns found
task278,outputs\current_6352_53_stack\overrides\task278.onnx,outputs\candidates\current_6352_53_zero_add_removed\task278_ZeroAddRemoved.onnx,1248,1248,0,2799,2799,0,0,0,no zero-add patterns found
task279,outputs\current_6352_53_stack\overrides\task279.onnx,outputs\candidates\current_6352_53_zero_add_removed\task279_ZeroAddRemoved.onnx,5271,5271,0,10314,10314,0,0,0,no zero-add patterns found
task280,outputs\current_6352_53_stack\overrides\task280.onnx,outputs\candidates\current_6352_53_zero_add_removed\task280_ZeroAddRemoved.onnx,2867,2867,0,15463,15463,0,0,0,no zero-add patterns found
task281,outputs\current_6352_53_stack\overrides\task281.onnx,outputs\candidates\current_6352_53_zero_add_removed\task281_ZeroAddRemoved.onnx,2499,2499,0,5824,5824,0,0,0,no zero-add patterns found
task282,outputs\current_6352_53_stack\overrides\task282.onnx,outputs\candidates\current_6352_53_zero_add_removed\task282_ZeroAddRemoved.onnx,4500,4500,0,3798,3798,0,0,0,no zero-add patterns found
task283,outputs\current_6352_53_stack\overrides\task283.onnx,outputs\candidates\current_6352_53_zero_add_removed\task283_ZeroAddRemoved.onnx,4550,4550,0,3825,3825,0,0,0,no zero-add patterns found
task284,outputs\current_6352_53_stack\overrides\task284.onnx,outputs\candidates\current_6352_53_zero_add_removed\task284_ZeroAddRemoved.onnx,1559,1559,0,9092,9092,0,0,0,no zero-add patterns found
task285,outputs\current_6352_53_stack\overrides\task285.onnx,outputs\candidates\current_6352_53_zero_add_removed\task285_ZeroAddRemoved.onnx,14882,14882,0,65792,63976,-1816,63,0,
task286,outputs\current_6352_53_stack\overrides\task286.onnx,outputs\candidates\current_6352_53_zero_add_removed\task286_ZeroAddRemoved.onnx,3983,3983,0,11675,11675,0,0,0,no zero-add patterns found
task287,outputs\current_6352_53_stack\overrides\task287.onnx,outputs\candidates\current_6352_53_zero_add_removed\task287_ZeroAddRemoved.onnx,247,247,0,1686,1686,0,0,0,no zero-add patterns found
task288,outputs\current_6352_53_stack\overrides\task288.onnx,outputs\candidates\current_6352_53_zero_add_removed\task288_ZeroAddRemoved.onnx,345,345,0,5948,5948,0,0,0,no zero-add patterns found
task289,outputs\current_6352_53_stack\overrides\task289.onnx,outputs\candidates\current_6352_53_zero_add_removed\task289_ZeroAddRemoved.onnx,420,420,0,2021,2021,0,0,0,no zero-add patterns found
task290,outputs\current_6352_53_stack\overrides\task290.onnx,outputs\candidates\current_6352_53_zero_add_removed\task290_ZeroAddRemoved.onnx,391,391,0,3323,3323,0,0,0,no zero-add patterns found
task291,outputs\current_6352_53_stack\overrides\task291.onnx,outputs\candidates\current_6352_53_zero_add_removed\task291_ZeroAddRemoved.onnx,4731,4731,0,6009,6009,0,0,0,no zero-add patterns found
task292,outputs\current_6352_53_stack\overrides\task292.onnx,outputs\candidates\current_6352_53_zero_add_removed\task292_ZeroAddRemoved.onnx,339,339,0,1065,1065,0,0,0,no zero-add patterns found
task293,outputs\current_6352_53_stack\overrides\task293.onnx,outputs\candidates\current_6352_53_zero_add_removed\task293_ZeroAddRemoved.onnx,597,597,0,4426,4426,0,0,0,no zero-add patterns found
task294,outputs\current_6352_53_stack\overrides\task294.onnx,outputs\candidates\current_6352_53_zero_add_removed\task294_ZeroAddRemoved.onnx,4550,4550,0,3825,3825,0,0,0,no zero-add patterns found
task295,outputs\current_6352_53_stack\overrides\task295.onnx,outputs\candidates\current_6352_53_zero_add_removed\task295_ZeroAddRemoved.onnx,291,291,0,1889,1889,0,0,0,no zero-add patterns found
task296,outputs\current_6352_53_stack\overrides\task296.onnx,outputs\candidates\current_6352_53_zero_add_removed\task296_ZeroAddRemoved.onnx,1837,1837,0,2803,2803,0,0,0,no zero-add patterns found
task297,outputs\current_6352_53_stack\overrides\task297.onnx,outputs\candidates\current_6352_53_zero_add_removed\task297_ZeroAddRemoved.onnx,369,369,0,3233,3233,0,0,0,no zero-add patterns found
task298,outputs\current_6352_53_stack\overrides\task298.onnx,outputs\candidates\current_6352_53_zero_add_removed\task298_ZeroAddRemoved.onnx,1756,1756,0,3337,3337,0,0,0,no zero-add patterns found
task299,outputs\current_6352_53_stack\overrides\task299.onnx,outputs\candidates\current_6352_53_zero_add_removed\task299_ZeroAddRemoved.onnx,342,342,0,1405,1405,0,0,0,no zero-add patterns found
task300,outputs\current_6352_53_stack\overrides\task300.onnx,outputs\candidates\current_6352_53_zero_add_removed\task300_ZeroAddRemoved.onnx,852,852,0,4454,4454,0,0,0,no zero-add patterns found
task301,outputs\current_6352_53_stack\overrides\task301.onnx,outputs\candidates\current_6352_53_zero_add_removed\task301_ZeroAddRemoved.onnx,906,906,0,3697,3697,0,0,0,no zero-add patterns found
task302,outputs\current_6352_53_stack\overrides\task302.onnx,outputs\candidates\current_6352_53_zero_add_removed\task302_ZeroAddRemoved.onnx,180,180,0,4372,4372,0,0,0,no zero-add patterns found
task303,outputs\current_6352_53_stack\overrides\task303.onnx,outputs\candidates\current_6352_53_zero_add_removed\task303_ZeroAddRemoved.onnx,40,40,0,1120,1120,0,0,0,no zero-add patterns found
task304,outputs\current_6352_53_stack\overrides\task304.onnx,outputs\candidates\current_6352_53_zero_add_removed\task304_ZeroAddRemoved.onnx,271,271,0,1879,1879,0,0,0,no zero-add patterns found
task305,outputs\current_6352_53_stack\overrides\task305.onnx,outputs\candidates\current_6352_53_zero_add_removed\task305_ZeroAddRemoved.onnx,1452,1452,0,1865,1865,0,0,0,no zero-add patterns found
task306,outputs\current_6352_53_stack\overrides\task306.onnx,outputs\candidates\current_6352_53_zero_add_removed\task306_ZeroAddRemoved.onnx,605,605,0,4101,4101,0,0,0,no zero-add patterns found
task307,outputs\current_6352_53_stack\overrides\task307.onnx,outputs\candidates\current_6352_53_zero_add_removed\task307_ZeroAddRemoved.onnx,200,200,0,387,387,0,0,0,no zero-add patterns found
task308,outputs\current_6352_53_stack\overrides\task308.onnx,outputs\candidates\current_6352_53_zero_add_removed\task308_ZeroAddRemoved.onnx,593,593,0,3875,3875,0,0,0,no zero-add patterns found
task309,outputs\current_6352_53_stack\overrides\task309.onnx,outputs\candidates\current_6352_53_zero_add_removed\task309_ZeroAddRemoved.onnx,90,90,0,217,217,0,0,0,no zero-add patterns found
task310,outputs\current_6352_53_stack\overrides\task310.onnx,outputs\candidates\current_6352_53_zero_add_removed\task310_ZeroAddRemoved.onnx,955,955,0,3379,3379,0,0,0,no zero-add patterns found
task311,outputs\current_6352_53_stack\overrides\task311.onnx,outputs\candidates\current_6352_53_zero_add_removed\task311_ZeroAddRemoved.onnx,270,270,0,479,479,0,0,0,no zero-add patterns found
task312,outputs\current_6352_53_stack\overrides\task312.onnx,outputs\candidates\current_6352_53_zero_add_removed\task312_ZeroAddRemoved.onnx,171,171,0,1202,1202,0,0,0,no zero-add patterns found
task313,outputs\current_6352_53_stack\overrides\task313.onnx,outputs\candidates\current_6352_53_zero_add_removed\task313_ZeroAddRemoved.onnx,1437,1437,0,3668,3668,0,0,0,no zero-add patterns found
task314,outputs\current_6352_53_stack\overrides\task314.onnx,outputs\candidates\current_6352_53_zero_add_removed\task314_ZeroAddRemoved.onnx,2500,2500,0,2225,2225,0,0,0,no zero-add patterns found
task315,outputs\current_6352_53_stack\overrides\task315.onnx,outputs\candidates\current_6352_53_zero_add_removed\task315_ZeroAddRemoved.onnx,307,307,0,1461,1461,0,0,0,no zero-add patterns found
task316,outputs\current_6352_53_stack\overrides\task316.onnx,outputs\candidates\current_6352_53_zero_add_removed\task316_ZeroAddRemoved.onnx,866,866,0,5631,5631,0,0,0,no zero-add patterns found
task317,outputs\current_6352_53_stack\overrides\task317.onnx,outputs\candidates\current_6352_53_zero_add_removed\task317_ZeroAddRemoved.onnx,4500,4500,0,3798,3798,0,0,0,no zero-add patterns found
task318,outputs\current_6352_53_stack\overrides\task318.onnx,outputs\candidates\current_6352_53_zero_add_removed\task318_ZeroAddRemoved.onnx,3,3,0,708,708,0,0,0,no zero-add patterns found
task319,outputs\current_6352_53_stack\overrides\task319.onnx,outputs\candidates\current_6352_53_zero_add_removed\task319_ZeroAddRemoved.onnx,741,741,0,7991,7991,0,0,0,no zero-add patterns found
task320,outputs\current_6352_53_stack\overrides\task320.onnx,outputs\candidates\current_6352_53_zero_add_removed\task320_ZeroAddRemoved.onnx,485,485,0,1258,1258,0,0,0,no zero-add patterns found
task321,outputs\current_6352_53_stack\overrides\task321.onnx,outputs\candidates\current_6352_53_zero_add_removed\task321_ZeroAddRemoved.onnx,189,189,0,2349,2349,0,0,0,no zero-add patterns found
task322,outputs\current_6352_53_stack\overrides\task322.onnx,outputs\candidates\current_6352_53_zero_add_removed\task322_ZeroAddRemoved.onnx,2550,2550,0,2222,2222,0,0,0,no zero-add patterns found
task323,outputs\current_6352_53_stack\overrides\task323.onnx,outputs\candidates\current_6352_53_zero_add_removed\task323_ZeroAddRemoved.onnx,2055,2055,0,2479,2479,0,0,0,no zero-add patterns found
task324,outputs\current_6352_53_stack\overrides\task324.onnx,outputs\candidates\current_6352_53_zero_add_removed\task324_ZeroAddRemoved.onnx,4658,4658,0,7375,7375,0,0,0,no zero-add patterns found
task325,outputs\current_6352_53_stack\overrides\task325.onnx,outputs\candidates\current_6352_53_zero_add_removed\task325_ZeroAddRemoved.onnx,3996,3996,0,5072,5072,0,0,0,no zero-add patterns found
task326,outputs\current_6352_53_stack\overrides\task326.onnx,outputs\candidates\current_6352_53_zero_add_removed\task326_ZeroAddRemoved.onnx,0,0,0,251,251,0,0,0,no zero-add patterns found
task327,outputs\current_6352_53_stack\overrides\task327.onnx,outputs\candidates\current_6352_53_zero_add_removed\task327_ZeroAddRemoved.onnx,126,126,0,2321,2321,0,0,0,no zero-add patterns found
task328,outputs\current_6352_53_stack\overrides\task328.onnx,outputs\candidates\current_6352_53_zero_add_removed\task328_ZeroAddRemoved.onnx,9012,9012,0,10787,10787,0,0,0,no zero-add patterns found
task329,outputs\current_6352_53_stack\overrides\task329.onnx,outputs\candidates\current_6352_53_zero_add_removed\task329_ZeroAddRemoved.onnx,282,282,0,1652,1652,0,0,0,no zero-add patterns found
task330,outputs\current_6352_53_stack\overrides\task330.onnx,outputs\candidates\current_6352_53_zero_add_removed\task330_ZeroAddRemoved.onnx,5579,5579,0,7080,7080,0,0,0,no zero-add patterns found
task331,outputs\current_6352_53_stack\overrides\task331.onnx,outputs\candidates\current_6352_53_zero_add_removed\task331_ZeroAddRemoved.onnx,4550,4550,0,3836,3836,0,0,0,no zero-add patterns found
task332,outputs\current_6352_53_stack\overrides\task332.onnx,outputs\candidates\current_6352_53_zero_add_removed\task332_ZeroAddRemoved.onnx,905,905,0,3685,3685,0,0,0,no zero-add patterns found
task333,outputs\current_6352_53_stack\overrides\task333.onnx,outputs\candidates\current_6352_53_zero_add_removed\task333_ZeroAddRemoved.onnx,821,821,0,3323,3323,0,0,0,no zero-add patterns found
task334,outputs\current_6352_53_stack\overrides\task334.onnx,outputs\candidates\current_6352_53_zero_add_removed\task334_ZeroAddRemoved.onnx,165,165,0,889,889,0,0,0,no zero-add patterns found
task335,outputs\current_6352_53_stack\overrides\task335.onnx,outputs\candidates\current_6352_53_zero_add_removed\task335_ZeroAddRemoved.onnx,477,477,0,3440,3440,0,0,0,no zero-add patterns found
task336,outputs\current_6352_53_stack\overrides\task336.onnx,outputs\candidates\current_6352_53_zero_add_removed\task336_ZeroAddRemoved.onnx,1640,1640,0,6455,6455,0,0,0,no zero-add patterns found
task337,outputs\current_6352_53_stack\overrides\task337.onnx,outputs\candidates\current_6352_53_zero_add_removed\task337_ZeroAddRemoved.onnx,90,90,0,159,159,0,0,0,no zero-add patterns found
task338,outputs\current_6352_53_stack\overrides\task338.onnx,outputs\candidates\current_6352_53_zero_add_removed\task338_ZeroAddRemoved.onnx,6426,6426,0,8884,8884,0,0,0,no zero-add patterns found
task339,outputs\current_6352_53_stack\overrides\task339.onnx,outputs\candidates\current_6352_53_zero_add_removed\task339_ZeroAddRemoved.onnx,468,468,0,1588,1588,0,0,0,no zero-add patterns found
task340,outputs\current_6352_53_stack\overrides\task340.onnx,outputs\candidates\current_6352_53_zero_add_removed\task340_ZeroAddRemoved.onnx,692,692,0,4098,4098,0,0,0,no zero-add patterns found
task341,outputs\current_6352_53_stack\overrides\task341.onnx,outputs\candidates\current_6352_53_zero_add_removed\task341_ZeroAddRemoved.onnx,2523,2523,0,12100,12100,0,0,0,no zero-add patterns found
task342,outputs\current_6352_53_stack\overrides\task342.onnx,outputs\candidates\current_6352_53_zero_add_removed\task342_ZeroAddRemoved.onnx,284,284,0,2836,2836,0,0,0,no zero-add patterns found
task343,outputs\current_6352_53_stack\overrides\task343.onnx,outputs\candidates\current_6352_53_zero_add_removed\task343_ZeroAddRemoved.onnx,1992,1992,0,6403,6403,0,0,0,no zero-add patterns found
task344,outputs\current_6352_53_stack\overrides\task344.onnx,outputs\candidates\current_6352_53_zero_add_removed\task344_ZeroAddRemoved.onnx,4550,4550,0,3851,3851,0,0,0,no zero-add patterns found
task345,outputs\current_6352_53_stack\overrides\task345.onnx,outputs\candidates\current_6352_53_zero_add_removed\task345_ZeroAddRemoved.onnx,5898,5898,0,10079,10079,0,0,0,no zero-add patterns found
task346,outputs\current_6352_53_stack\overrides\task346.onnx,outputs\candidates\current_6352_53_zero_add_removed\task346_ZeroAddRemoved.onnx,191,191,0,1781,1781,0,0,0,no zero-add patterns found
task347,outputs\current_6352_53_stack\overrides\task347.onnx,outputs\candidates\current_6352_53_zero_add_removed\task347_ZeroAddRemoved.onnx,235,235,0,1132,1132,0,0,0,no zero-add patterns found
task348,outputs\current_6352_53_stack\overrides\task348.onnx,outputs\candidates\current_6352_53_zero_add_removed\task348_ZeroAddRemoved.onnx,463,463,0,1950,1950,0,0,0,no zero-add patterns found
task349,outputs\current_6352_53_stack\overrides\task349.onnx,outputs\candidates\current_6352_53_zero_add_removed\task349_ZeroAddRemoved.onnx,9921,9921,0,8427,8427,0,0,0,no zero-add patterns found
task350,outputs\current_6352_53_stack\overrides\task350.onnx,outputs\candidates\current_6352_53_zero_add_removed\task350_ZeroAddRemoved.onnx,230,230,0,1984,1984,0,0,0,no zero-add patterns found
task351,outputs\current_6352_53_stack\overrides\task351.onnx,outputs\candidates\current_6352_53_zero_add_removed\task351_ZeroAddRemoved.onnx,354,354,0,3049,3049,0,0,0,no zero-add patterns found
task352,outputs\current_6352_53_stack\overrides\task352.onnx,outputs\candidates\current_6352_53_zero_add_removed\task352_ZeroAddRemoved.onnx,4550,4550,0,3851,3851,0,0,0,no zero-add patterns found
task353,outputs\current_6352_53_stack\overrides\task353.onnx,outputs\candidates\current_6352_53_zero_add_removed\task353_ZeroAddRemoved.onnx,745,745,0,3244,3244,0,0,0,no zero-add patterns found
task354,outputs\current_6352_53_stack\overrides\task354.onnx,outputs\candidates\current_6352_53_zero_add_removed\task354_ZeroAddRemoved.onnx,612,612,0,2710,2710,0,0,0,no zero-add patterns found
task355,outputs\current_6352_53_stack\overrides\task355.onnx,outputs\candidates\current_6352_53_zero_add_removed\task355_ZeroAddRemoved.onnx,437,437,0,3971,3971,0,0,0,no zero-add patterns found
task356,outputs\current_6352_53_stack\overrides\task356.onnx,outputs\candidates\current_6352_53_zero_add_removed\task356_ZeroAddRemoved.onnx,389,389,0,2324,2324,0,0,0,no zero-add patterns found
task357,outputs\current_6352_53_stack\overrides\task357.onnx,outputs\candidates\current_6352_53_zero_add_removed\task357_ZeroAddRemoved.onnx,257,257,0,1767,1767,0,0,0,no zero-add patterns found
task358,outputs\current_6352_53_stack\overrides\task358.onnx,outputs\candidates\current_6352_53_zero_add_removed\task358_ZeroAddRemoved.onnx,1121,1121,0,3861,3861,0,0,0,no zero-add patterns found
task359,outputs\current_6352_53_stack\overrides\task359.onnx,outputs\candidates\current_6352_53_zero_add_removed\task359_ZeroAddRemoved.onnx,117,117,0,1305,1305,0,0,0,no zero-add patterns found
task360,outputs\current_6352_53_stack\overrides\task360.onnx,outputs\candidates\current_6352_53_zero_add_removed\task360_ZeroAddRemoved.onnx,228,228,0,1753,1753,0,0,0,no zero-add patterns found
task361,outputs\current_6352_53_stack\overrides\task361.onnx,outputs\candidates\current_6352_53_zero_add_removed\task361_ZeroAddRemoved.onnx,1493,1493,0,4414,4414,0,0,0,no zero-add patterns found
task362,outputs\current_6352_53_stack\overrides\task362.onnx,outputs\candidates\current_6352_53_zero_add_removed\task362_ZeroAddRemoved.onnx,261,261,0,1696,1696,0,0,0,no zero-add patterns found
task363,outputs\current_6352_53_stack\overrides\task363.onnx,outputs\candidates\current_6352_53_zero_add_removed\task363_ZeroAddRemoved.onnx,4966,4966,0,5984,5984,0,0,0,no zero-add patterns found
task364,outputs\current_6352_53_stack\overrides\task364.onnx,outputs\candidates\current_6352_53_zero_add_removed\task364_ZeroAddRemoved.onnx,5120,5120,0,10636,10636,0,0,0,no zero-add patterns found
task365,outputs\current_6352_53_stack\overrides\task365.onnx,outputs\candidates\current_6352_53_zero_add_removed\task365_ZeroAddRemoved.onnx,356,356,0,9873,9873,0,0,0,no zero-add patterns found
task366,outputs\current_6352_53_stack\overrides\task366.onnx,outputs\candidates\current_6352_53_zero_add_removed\task366_ZeroAddRemoved.onnx,7959,7959,0,26447,26447,0,0,0,no zero-add patterns found
task367,outputs\current_6352_53_stack\overrides\task367.onnx,outputs\candidates\current_6352_53_zero_add_removed\task367_ZeroAddRemoved.onnx,722,722,0,6218,6218,0,0,0,no zero-add patterns found
task368,outputs\current_6352_53_stack\overrides\task368.onnx,outputs\candidates\current_6352_53_zero_add_removed\task368_ZeroAddRemoved.onnx,540,540,0,3406,3406,0,0,0,no zero-add patterns found
task369,outputs\current_6352_53_stack\overrides\task369.onnx,outputs\candidates\current_6352_53_zero_add_removed\task369_ZeroAddRemoved.onnx,498,498,0,3315,3315,0,0,0,no zero-add patterns found
task370,outputs\current_6352_53_stack\overrides\task370.onnx,outputs\candidates\current_6352_53_zero_add_removed\task370_ZeroAddRemoved.onnx,14579,14579,0,41995,41832,-163,6,0,
task371,outputs\current_6352_53_stack\overrides\task371.onnx,outputs\candidates\current_6352_53_zero_add_removed\task371_ZeroAddRemoved.onnx,1333,1333,0,3031,3031,0,0,0,no zero-add patterns found
task372,outputs\current_6352_53_stack\overrides\task372.onnx,outputs\candidates\current_6352_53_zero_add_removed\task372_ZeroAddRemoved.onnx,111,111,0,644,644,0,0,0,no zero-add patterns found
task373,outputs\current_6352_53_stack\overrides\task373.onnx,outputs\candidates\current_6352_53_zero_add_removed\task373_ZeroAddRemoved.onnx,197,197,0,509,509,0,0,0,no zero-add patterns found
task374,outputs\current_6352_53_stack\overrides\task374.onnx,outputs\candidates\current_6352_53_zero_add_removed\task374_ZeroAddRemoved.onnx,588,588,0,5300,5300,0,0,0,no zero-add patterns found
task375,outputs\current_6352_53_stack\overrides\task375.onnx,outputs\candidates\current_6352_53_zero_add_removed\task375_ZeroAddRemoved.onnx,476,476,0,2267,2267,0,0,0,no zero-add patterns found
task376,outputs\current_6352_53_stack\overrides\task376.onnx,outputs\candidates\current_6352_53_zero_add_removed\task376_ZeroAddRemoved.onnx,536,536,0,3971,3971,0,0,0,no zero-add patterns found
task377,outputs\current_6352_53_stack\overrides\task377.onnx,outputs\candidates\current_6352_53_zero_add_removed\task377_ZeroAddRemoved.onnx,4672,4672,0,10778,10778,0,0,0,no zero-add patterns found
task378,outputs\current_6352_53_stack\overrides\task378.onnx,outputs\candidates\current_6352_53_zero_add_removed\task378_ZeroAddRemoved.onnx,384,384,0,5481,5481,0,0,0,no zero-add patterns found
task379,outputs\current_6352_53_stack\overrides\task379.onnx,outputs\candidates\current_6352_53_zero_add_removed\task379_ZeroAddRemoved.onnx,5364,5364,0,13402,13402,0,0,0,no zero-add patterns found
task380,outputs\current_6352_53_stack\overrides\task380.onnx,outputs\candidates\current_6352_53_zero_add_removed\task380_ZeroAddRemoved.onnx,72,72,0,396,396,0,0,0,no zero-add patterns found
task381,outputs\current_6352_53_stack\overrides\task381.onnx,outputs\candidates\current_6352_53_zero_add_removed\task381_ZeroAddRemoved.onnx,544,544,0,2624,2624,0,0,0,no zero-add patterns found
task382,outputs\current_6352_53_stack\overrides\task382.onnx,outputs\candidates\current_6352_53_zero_add_removed\task382_ZeroAddRemoved.onnx,538,538,0,6786,6786,0,0,0,no zero-add patterns found
task383,outputs\current_6352_53_stack\overrides\task383.onnx,outputs\candidates\current_6352_53_zero_add_removed\task383_ZeroAddRemoved.onnx,3446,3446,0,7327,7327,0,0,0,no zero-add patterns found
task384,outputs\current_6352_53_stack\overrides\task384.onnx,outputs\candidates\current_6352_53_zero_add_removed\task384_ZeroAddRemoved.onnx,954,954,0,3341,3341,0,0,0,no zero-add patterns found
task385,outputs\current_6352_53_stack\overrides\task385.onnx,outputs\candidates\current_6352_53_zero_add_removed\task385_ZeroAddRemoved.onnx,270,270,0,175,175,0,0,0,no zero-add patterns found
task386,outputs\current_6352_53_stack\overrides\task386.onnx,outputs\candidates\current_6352_53_zero_add_removed\task386_ZeroAddRemoved.onnx,235,235,0,1175,1175,0,0,0,no zero-add patterns found
task387,outputs\current_6352_53_stack\overrides\task387.onnx,outputs\candidates\current_6352_53_zero_add_removed\task387_ZeroAddRemoved.onnx,168,168,0,3910,3910,0,0,0,no zero-add patterns found
task388,outputs\current_6352_53_stack\overrides\task388.onnx,outputs\candidates\current_6352_53_zero_add_removed\task388_ZeroAddRemoved.onnx,1512,1512,0,6536,6536,0,0,0,no zero-add patterns found
task389,outputs\current_6352_53_stack\overrides\task389.onnx,outputs\candidates\current_6352_53_zero_add_removed\task389_ZeroAddRemoved.onnx,7550,7550,0,6222,6222,0,0,0,no zero-add patterns found
task390,outputs\current_6352_53_stack\overrides\task390.onnx,outputs\candidates\current_6352_53_zero_add_removed\task390_ZeroAddRemoved.onnx,3123,3123,0,5953,5953,0,0,0,no zero-add patterns found
task391,outputs\current_6352_53_stack\overrides\task391.onnx,outputs\candidates\current_6352_53_zero_add_removed\task391_ZeroAddRemoved.onnx,245,245,0,2841,2841,0,0,0,no zero-add patterns found
task392,outputs\current_6352_53_stack\overrides\task392.onnx,outputs\candidates\current_6352_53_zero_add_removed\task392_ZeroAddRemoved.onnx,7488,7488,0,8330,8330,0,0,0,no zero-add patterns found
task393,outputs\current_6352_53_stack\overrides\task393.onnx,outputs\candidates\current_6352_53_zero_add_removed\task393_ZeroAddRemoved.onnx,63,63,0,1610,1610,0,0,0,no zero-add patterns found
task394,outputs\current_6352_53_stack\overrides\task394.onnx,outputs\candidates\current_6352_53_zero_add_removed\task394_ZeroAddRemoved.onnx,309,309,0,3787,3787,0,0,0,no zero-add patterns found
task395,outputs\current_6352_53_stack\overrides\task395.onnx,outputs\candidates\current_6352_53_zero_add_removed\task395_ZeroAddRemoved.onnx,235,235,0,1175,1175,0,0,0,no zero-add patterns found
task396,outputs\current_6352_53_stack\overrides\task396.onnx,outputs\candidates\current_6352_53_zero_add_removed\task396_ZeroAddRemoved.onnx,3824,3824,0,9316,9316,0,0,0,no zero-add patterns found
task397,outputs\current_6352_53_stack\overrides\task397.onnx,outputs\candidates\current_6352_53_zero_add_removed\task397_ZeroAddRemoved.onnx,399,399,0,6856,6856,0,0,0,no zero-add patterns found
task398,outputs\current_6352_53_stack\overrides\task398.onnx,outputs\candidates\current_6352_53_zero_add_removed\task398_ZeroAddRemoved.onnx,6714,6714,0,8682,8682,0,0,0,no zero-add patterns found
task399,outputs\current_6352_53_stack\overrides\task399.onnx,outputs\candidates\current_6352_53_zero_add_removed\task399_ZeroAddRemoved.onnx,1360,1360,0,1744,1744,0,0,0,no zero-add patterns found
task400,outputs\current_6352_53_stack\overrides\task400.onnx,outputs\candidates\current_6352_53_zero_add_removed\task400_ZeroAddRemoved.onnx,345,345,0,3021,3021,0,0,0,no zero-add patterns found
